brand,name,price,type,view
no brand,ThinkPad X270 12.5 inch Intel Core i7-7500U Processor Portable Business Laptop,5379.00,laptop,215
no brand,Microsoft Surface Pro 4 i5/4G 128GB Laptop + Type Cover (Black) + Pen,4099.00,laptop,430
hp,"HP Pavilion X360 14-Ba063TX 14"" Touch Laptop Silver (I3-7100U, 4GB, 500GB, 940",2335.00,laptop,450
asus,Asus K43 K53 A53 A83 X54 X43 X44 X53 A43 K54 A32-K53 Laptop Battery,79.00,battery,2163
no brand,"14"" StormBook Laptop - Silver",750.00,laptop,26
no brand,"10"" Android Mini Laptop/Notebook",510.00,laptop,88
hp,Hp ProBook 4420s i3 2.53GHz 14 inch 4GB 320G Laptop Rm750  ,750.00,laptop,1
no brand,"Apple MacBook Air 11.6"" MJVM2ZP/A Laptop (i5 1.6GHz, 4GB, 128GB, Intel",3786.00,laptop,6
hp,"HP Pavilion 15-ck063TX 15.6"" FHD Laptop Gold (i5-8250U, 4GB, 1TB, MX15",2769.00,laptop,8
no brand,Fujitsu LifeBook 14 inch s7110 2gb 120GB DVD Notebook Laptop Rm350,350.00,laptop,165
hp,HP Elitebook 2170p 2170 Laptop Keyboard (no Backlight),70.00,keyboard,10
hp,"HP Spectre x360 13-ae090TU 13.3"" Touch FHD Laptop Dark Ash Silver (i7-",5894.00,laptop,9
hp,"HP Spectre x360 13-ae089TU 13.3"" Touch FHD Laptop Dark Ash Silver (i5-",4995.00,laptop,6
hp,HP Mini 110-3004tu 3000 3130TU 3012TU 3558TU Laptop Adapter Charger,39.00,adapter,6
hp,HP Mini Compaq Mini 19V 1.58A 4.0x1.7 4.8x1.7 Laptop Adapter Charger,39.00,adapter,9
hp,HP Mini 210-1073TU 210-1074TU 210-1075TU Laptop Adapter Charger,39.00,adapter,5
hp,HP Mini 110-3004tu 3000 3130TU 3012TU 3558TU Laptop Adapter Charger,39.00,adapter,5
hp,HP Mini 1000 1030 1033 1035NR 1100 210 2102 Laptop Adapter Charger,39.00,adapter,5
hp,Hp Mini 110-1033TU 1033TU 110-3100 Laptop Adapter Charger,39.00,adapter,4
hp,"HP ENVY 13-ad145TU 13.3"" FHD Laptop Silver (i7-8550U, 8GB, 256GB, Inte",4828.50,laptop,7
hp,"HP ENVY 13-ad145TX 13.3"" FHD Touch Laptop Silver (i7-8550U, 16GB, 512G",5744.00,laptop,6
hp,"HP ENVY 13-ad144TX 13.3"" FHD Touch Laptop Silver (i7-8550U, 8GB, 512GB",5506.00,laptop,5
hp,"HP ENVY 13-ad143TX 13.3"" FHD Laptop Silver (i7-8550U, 8GB, 256GB, MX15",5073.00,laptop,5
compaq,Compaq Presario M2300 M2400 M2500 M2500Z R4000CA Laptop Battery,78.00,battery,4
compaq,Compaq Presario V2600 V2600T V2600Z V4000 V4000T Laptop Battery,78.00,battery,4
compaq,Compaq Presario V5000Z V5100 V5200 V5300 Laptop Battery,78.00,battery,4
compaq,Compaq Presario V2300 V2300T V2300Z V2400T V2401 V2500 Laptop Battery,78.00,battery,4
compaq,Compaq Presario V4000US V4200 V4300 V4400 V5000 V5000T Laptop Battery,78.00,battery,4
compaq,Compaq Presario R4035CA V2000 V2000T V2000Z V2100 V2200 Laptop Battery,78.00,battery,4
asus,Asus A83S A83SA A83SD A83SJ A83SM A83SV A83BR A83BY Laptop Battery,65.00,battery,5
asus,Asus A43JF A43JG A43JH A43B A43E A43S A43F A43J A43T Laptop Battery,65.00,battery,5
asus,Asus A43SD A43SJ A43SM A43SV A43TA A43TK A43JQ A43JR Laptop Battery,65.00,battery,4
asus,Asus K53B K53BY K53E K53F K53T K53TA K53U K53Z K53JT Laptop Battery,65.00,battery,4
asus,Asus A54HR A54HY A54L A54 K54 K84 X44 X54 X84 A43JN Laptop Battery,65.00,battery,4
asus,Asus A53B A53BY A53S A53T A53J A53U A53Z A43S A43SA Laptop BAttery,65.00,battery,4
asus,Asus K84C K84H K84HO K84HR K84HY K84L K84LY K54C K54H Laptop Battery,65.00,battery,4
asus,Asus A43U K43U K43SY A43 A53 K43 K53 P43 P53 X43 X44 Laptop Battery,65.00,battery,4
asus,Asus X84C X84E X84H X84HO X84HY X84L X84LY X84S X84SL Laptop Battery,65.00,battery,4
asus,Battery Asus A31-K53 A32-K53 A41-K53 A42-K53 Laptop Battery,65.00,battery,5
asus,Asus P43E P43F P43J P43JC P43S P43SJ P43SL K54HO K54HR Laptop Battery,65.00,battery,4
asus,Asus A43JU A43JV A43BR A43BY A43JA A43JB A43JC A43JE Laptop Battery,65.00,battery,4
asus,Asus A53JB A53JC A53JE A53JH A53JQ A53JR A53E A53F A83 Laptop Battery,65.00,battery,4
asus,Asus K53S K53SC K53SD K53SE K53SJ K53SN K53SV Laptop Battery,65.00,battery,4
asus,Asus A83B A83EA83T A83TA A83U K43JY A54C A54H A54HO Laptop Battery,65.00,battery,4
asus,Asus A43JP A53SD A53SJ A53SV A53TA A53JT A53JU A53JA Laptop Battery,65.00,battery,4
asus,Asus K53J K53JA K53JC K53JE K53JF K53JG K53JN K53JS Laptop Battery,65.00,battery,4
asus,Asus X44C X44H X44HO X44HR X44HY X44L X44LY K54L K54LY Laptop Battery,65.00,battery,4
acer,Acer Aspire E1-522 E1-521 E1-531 E1-531G Laptop Charger Adapter,38.00,adapter,4
acer,Acer Aspire 4752ZG 4755 4755G 4810T Laptop Charger Adapter,38.00,adapter,4
acer,Acer Aspire 5920G 1556 1414 1650 2350 Laptop Charger Adapter,38.00,adapter,5
acer,Acer Aspire 5551 5560 5745P 7250 5820 Laptop Charger Adapter,38.00,adapter,4
acer,Acer Aspire 4332 4333 4336 4339 4349 4350 4540 Laptop Charger Adapter,38.00,adapter,5
acer,Acer Aspire 5516 5517 5520 5520G 5530 Laptop Adapter Charger,38.00,adapter,4
acer,Acer Aspire V5-473PG V5-473P V5-473 V5-473G Laptop Charger Adapter,38.00,adapter,4
acer,Acer Aspire 4830G 4935 5252 5336 5530G Laptop Charger Adapter,38.00,adapter,5
acer,Acer Aspire 5830G 5830T 5830TG 4560 4560G Laptop Adapter Charger,38.00,adapter,4
acer,Acer Aspire V5-471PG V5-471 V5-471G V5-471P Laptop Charger Adapter,38.00,adapter,4
acer,Acer Aspire V3-771 V3-771G V3-551 V3-551G Laptop Charger Adapter,38.00,adapter,5
acer,Acer Aspire E5-721 E5-722 E5-E5-722G Laptop Adapter Charger,38.00,adapter,4
acer,Acer Aspire 4935G 4937 4937G 5250 5251 Laptop Charger Adapter,38.00,adapter,4
acer,Acer Aspire V5-561 V5-561G V5-561P V5-561PG Laptop Charger Adapter,38.00,adapter,52
acer,Acer Aspire 4925 4925G 4930 4930G 4930ZG Laptop Charger Adapter,38.00,adapter,2
acer,Acer Aspire 5820G 5820T 5820TG 5820TZ 5820TZG Laptop Adapter Charger,38.00,adapter,0
asus,Asus VIVOBOOK S300 S500 S500CA S301L MSI CR650 Laptop  Adapter Charger,38.00,adapter,0
asus,Asus X551 X551M X551MA X551CA X54C X54H X54L Laptop  Adapter Charger,38.00,adapter,1
asus,Asus VivoBook V500CA V550CA V550CB V551LB Laptop AC Adapter Charger,38.00,adapter,0
acer,Acer Aspire 1420P 1425P 1430 1430Z 1551 1825PTZ Laptop Charger Adapter,38.00,adapter,1
acer,Acer Aspire E1-471 E1-471G E1-472 E1-472G Laptop Charger Adapter,38.00,adapter,0
acer,Acer Aspire E1-510 E1-510P E1-731 E1-731G Laptop Charger Adapter,38.00,adapter,0
acer,Acer Aspire E1-530 E1-530G E1-532P M5-581G Laptop Charger Adapter,38.00,adapter,0
acer,Acer Aspire 3410G 3410T 3750 3750G 3750Z Laptop Charger Adapter,38.00,adapter,0
asus,Asus K550E K50AB K50AD K52 K53 K50IJ K50IN Laptop  Adapter Charger,38.00,adapter,0
acer,Acer Aspire 3750ZG 3810T 3810TG 3810TZ Laptop Charger Adapter,38.00,adapter,0
acer,Acer Aspire 7250G 7739 7739G 7739Z 7739ZG Laptop Charger Adapter,38.00,adapter,1
acer,Acer Aspire E1-570 E1-570G E1-571 E1-571G Laptop Charger Adapter,38.00,adapter,1
acer,Acer Aspire 5560G 5625 5625G 5732Z 5732ZG Laptop Charger Adapter,38.00,adapter,0
acer,Acer Aspire One P531 AO725 AO756 725 756 Laptop Adapter Charger,38.00,adapter,1
acer,Acer Aspire 4540G 4553G 4720G 4735Z 4759G Laptop Charger Adapter,38.00,adapter,1
acer,Acer Aspire E1-732G E1-771 E1-771G E1-772 Laptop Charger Adapter,38.00,adapter,1
acer,Acer Aspire E5-422 E5-422G E5-473 E5-473G Laptop Adapter Charger,38.00,adapter,1
acer,Acer Aspire E1-572P E1-572PG E1-572 E1-572G Laptop Charger Adapter,38.00,adapter,0
acer,Acer Aspire V5-132 V5-132P V5-171 PNS1010 Laptop Charger Adapter,38.00,adapter,0
acer,Acer Aspire E1-470 E1-470G E1-470P E1-470PG Laptop Charger Adapter,38.00,adapter,1
acer,Acer Aspire 4741ZG 4743 4743G 4743Z 4720 Laptop Charger Adapter,38.00,adapter,0
asus,Asus X550EA X550LA X550LC X550VB X455 X455L Laptop  Adapter Charger,38.00,adapter,1
acer,Acer Aspire E5-573 E5-573G E5-573T E5-573TG Laptop Adapter Charger,38.00,adapter,0
acer,Acer Aspire 5745PG 5745Z 5749 5749Z 5750 Laptop Charger Adapter,38.00,adapter,0
acer,Acer Aspire E1-430 E1-430G E1-430P E1-421 Laptop Charger Adapter,38.00,adapter,0
acer,Acer Aspire 4720Z 4720ZG 4732Z 4733Z 4937 Laptop Charger Adapter,38.00,adapter,0
acer,Acer Aspire V3-574 V3-574G V3-574T V3-574TG Laptop Adapter Charger,38.00,adapter,0
acer,Acer Aspire E1-422 E1-422G E1-431 E1-431G Laptop Charger Adapter,38.00,adapter,0
acer,Acer Aspire 7745 7745G 7745Z 4625 4625G Laptop Charger Adapter,38.00,adapter,0
acer,Acer Aspire E1-772G EC-471G E1-451G E1-410 Laptop Charger Adapter,38.00,adapter,0
acer,Acer Aspire 4733 432H 4736G 4520 Laptop Charger Adapter,38.00,adapter,0
acer,Acer Aspire V3-471G M5-581T V3-7710 V3-7710G Laptop Charger Adapter,38.00,adapter,0
acer,Acer Aspire V3-531 V3-531G V5-531P V3-431 E100 Laptop Charger Adapter,38.00,adapter,0
acer,Acer Aspire 3810TZG 3811TG 3811TZ 3811TZG Laptop Charger Adapter,38.00,adapter,0
acer,Acer Aspire V5-121 V5-122P V5-123 V5-131 Laptop Charger Adapter,38.00,adapter,0
acer,Acer Aspire V7-481 V7-481G V7-481P V7-481PG Laptop Charger Adapter,38.00,adapter,0
acer,Acer Aspire 5742ZG 5745 5745DG 5745G Laptop Charger Adapter,38.00,adapter,0
acer,Acer Aspire V5-572 V5-572G V5-572P V5-572PG Laptop Charger Adapter,38.00,adapter,0
acer,Acer B113 P243 P253 P273 P453 P633 P643 P653 P6 Laptop Adapter Charger,38.00,adapter,0
asus,Asus U32U-DS31 U33JC U35F U31 U31J U30 U31S Laptop  Adapter Charger,38.00,adapter,1
acer,Acer Aspire V5-472 V5-472G V5-472P V5-472PG Laptop Charger Adapter,38.00,adapter,1
acer,Acer Aspire 4551 4551G 4552 4552G 4553 Laptop Charger Adapter,38.00,adapter,0
acer,Acer Aspire 5338 5342 5349 5350 5410 5515 Laptop Adapter Charger,38.00,adapter,0
acer,Acer Aspire 5738DG 5738DZG 5738G 5738PG Laptop Charger Adapter,38.00,adapter,0
asus,Asus X401 X401A X402C X401U X301 X301A X750JB Laptop  Adapter Charger,38.00,adapter,0
acer,Acer Aspire 5741Z 5741ZG 5742 5742G 5742Z Laptop Charger Adapter,38.00,adapter,1
acer,Acer Aspire ES1-111 ES1-111M ES1-131 531H Laptop Adapter Charger,38.00,adapter,0
acer,Acer Aspire 5733 5733Z 5734Z 5736Z 5738 Laptop Charger Adapter,38.00,adapter,0
acer,Acer Aspire V7-581 V7-581G V7-581P V7-581PG Laptop Charger Adapter,38.00,adapter,0
acer,Acer Aspire V5-571G V5-571P V5-571PG Laptop Charger Adapter,38.00,adapter,0
acer,Acer Aspire 5810T 5810TG 5810TZ 5810TZG Laptop Charger Adapter,38.00,adapter,0
acer,Acer Aspire ES1-711 ES1-711G ES1-731 ES1-731G Laptop Adapter Charger,38.00,adapter,0
acer,Acer Aspire 3820 3820G 3820T 3820TG 3820T Laptop Charger Adapter,38.00,adapter,0
acer,Acer Aspire V5-573G V5-573P V5-573PG Laptop Charger Adapter,38.00,adapter,0
acer,Acer Aspire ES1-311 ES1-331 ES1-411 ES1-420 Laptop Adapter Charger,38.00,adapter,1
acer,Acer Aspire 5538G 5541 5541G 5542 5542G Laptop Charger Adapter,38.00,adapter,0
acer,Acer Aspire 1830 1830T 1830TZ 1830Z 3410 1825PZ Laptop Charger Adapter,38.00,adapter,0
acer,Acer Aspire 5551G 5552 5552G 5553 5553G Laptop Charger Adapter,38.00,adapter,0
acer,Acer Aspire 3820TZG 3820ZG 3830 3830G Laptop Charger Adapter,38.00,adapter,1
acer,Acer Aspire 1810 1810T 1810TZ 1820PT 1820PTZ Laptop Charger Adapter,38.00,adapter,0
asus,Asus VX1 VX2 VX3 SW1 VBI VX2S VX2SE X751LA X75 Laptop  Adapter Charger,38.00,adapter,0
acer,Acer Aspire E1-432 E1-432G E1-432P E1-410G Laptop Charger Adapter,38.00,adapter,0
acer,Acer Aspire V5-571 V5-573 V5-452PG V5-452G Laptop Charger Adapter,38.00,adapter,0
acer,Acer Aspire V5-531 V5-531G V5-531PG Laptop Charger Adapter,38.00,adapter,0
acer,Acer Aspire E1-532 E1-532G E1-532PG E5-532G Laptop Charger Adapter,38.00,adapter,0
asus,Asus VivoBook S550CB S550CM MSI MS-16GN V400 Laptop  Adapter Charger,38.00,adapter,0
acer,Acer Aspire 4350G 4352 4352G 4410 4410T Laptop Charger Adapter,38.00,adapter,0
acer,Acer Aspire 4820TG 4820T 4820TZ 4820TZG Laptop Charger Adapter,38.00,adapter,0
acer,Acer Aspire ES1-421 ES1-431 ES1-512 ES1-531 Laptop Adapter Charger,38.00,adapter,4
toshiba,Toshiba Satellite L675 L675D L700 L700D L730 L735 L735D Laptop Battery,65.00,battery,2
toshiba,Toshiba Satellite M512 M600 M640 M645 M800 M801 M802 Laptop Battery,65.00,battery,0
toshiba,Toshiba Satellite M907 M803 M822 M906 M916 P775 P775D Laptop Battery,65.00,battery,0
toshiba,Toshiba Satellite L745D L755 L770 L770D L775 L775D M300 Laptop Battery,65.00,battery,0
hp compaq,Hp Compaq Presario V3628tu V3629au V3629tu Laptop Adapter Charger,38.00,adapter,3
toshiba,Toshiba Satellite C655D L515 L640 L670 L635 L655 L745 Laptop Battery,65.00,battery,0
toshiba,Toshiba Satellite L515D L600 L600D L630 L630D L640D Laptop Battery,65.00,battery,0
toshiba,Toshiba Satellite M825 M830 M862 M900 M901 M903 M905 Laptop Battery,65.00,battery,0
toshiba,Toshiba U400 U405 U500 U505 Equium U400 Mini NB510 Laptop Battery,65.00,battery,0
toshiba,Toshiba Satellite M320 M321 M323 M325 M326 M327 M328 Laptop Battery,65.00,battery,0
toshiba,Toshiba Satellite A655 A660 A660D A665 A665D C600 C600D Laptop Battery,65.00,battery,1
toshiba,Toshiba Satellite L645 L645D L650 L650D L655D L670D Laptop Battery,65.00,battery,1
toshiba,Toshiba Satellite M332 M333 M336 M338 M339 M500 M505 Laptop Battery,65.00,battery,0
toshiba,Toshiba SS M50 SS M51 SS M52 SS M60 T350 T550 T551 T560 Laptop Battery,65.00,battery,0
hp compaq,Hp Compaq 18.5V 3.5A 4.8mm x 1.7 mm 65W Laptop Adapter Charger,38.00,adapter,0
toshiba,Toshiba Satellite M301 M311 M330 M331 M505D M805 M823 Laptop Battery,65.00,battery,0
toshiba,Toshiba Satellite M806 M807 M808 M810 M819 M820 M821 Laptop Battery,65.00,battery,0
toshiba,Toshiba Satellite P750 P750D P755 P755D P770 P770D Laptop Battery,65.00,battery,0
toshiba,Toshiba Satellite M302 M305 M305D M306 M307 M308 M310 Laptop Battery,65.00,battery,0
toshiba,Toshiba Satellite C660D C665 C665D C670 C670D L310 L510 Laptop Battery,65.00,battery,0
toshiba,Toshiba Satellite M908 M909 M910 M911 M915 P740D P745 Laptop Battery,65.00,battery,0
toshiba,Toshiba Satellite C640 C640D C645D C650 C650D C655 C660 Laptop Battery,65.00,battery,0
lenovo,Lenovo B480 B480A B480G B490 B490A B490G B490S Laptop Keyboard,27.00,keyboard,0
lenovo,Lenovo B470 B470A B470E B470G B475 B475A B475G Laptop Keyboard,27.00,keyboard,0
acer,Acer Aspire AS5755 AS5755G E1-510 E1-510P Laptop Keyboard,35.00,keyboard,1
acer,Acer Aspire E1-570 E1-572 E1-572G E1-572P Laptop Keyboard,35.00,keyboard,0
acer,Acer Aspire E1-532 E1-532G E1-532P Laptop Keyboard,35.00,keyboard,2
acer,Acer Aspire 5535 5735 5735Z 5737 5737Z 6530G 6930 Laptop Keyboard,70.00,keyboard,1
acer,Acer Extensa 5235 5635 7220 7620 7104 Laptop Keyboard,70.00,keyboard,0
hp compaq,HP Compaq V3164AU DV2900 V3000 V3700 V3500 DV3000 Laptop Keyboard,34.00,keyboard,0
acer,Acer Aspire 5755 5755G 5830 5830G 5830T 5830TG Laptop Keyboard,35.00,keyboard,0
acer,Acer Aspire 9110 9120 1640Z 1414WLCi 1681WLCi 1641WLMi Laptop Keyboard,20.00,keyboard,1
acer,Acer Aspire E1-522 E1-522G E1-530 E1-530G Laptop Keyboard,35.00,keyboard,1
acer,ACER eMachines D520 D720 E520 E720 PK1305801H0 Laptop Keyboard,25.00,keyboard,1
hp,Hp Pavilion dv2020 dv2700 dv2025 dv2600 dv2800 dv2900 Laptop Keyboard,34.00,keyboard,2
acer,Acer Travelmate P255 P255MG P255MP P255MPG Laptop Keyboard,35.00,keyboard,0
acer,Acer Aspire V3-731 V3-771 V3-771G V3-772 V3-772G Laptop Keyboard,35.00,keyboard,2
acer,Acer Aspire 7110 7113 7220 720 7520G 7720 7720G Laptop Keyboard,70.00,keyboard,0
acer,Acer Aspire V5WE2 VA70 Z5WE1 Z5WE3 Laptop Keyboard,35.00,keyboard,1
acer,Acer Aspire E1-731 E1-731G E1-771 E1-771G Laptop Keyboard,35.00,keyboard,1
acer,Acer Aspire E5-731 E5-731G E5-571PG E5-572 E5-572G Laptop Keyboard,35.00,keyboard,2
acer,Acer Aspire E5-511 E5-511P E5-521 E5-521G Laptop Keyboard,35.00,keyboard,0
acer,Acer Aspire P255MG P255MP Q5WV1 V3-531 V3-531G Laptop Keyboard,35.00,keyboard,1
hp,HP DV2000 DV2100 V3800 DV2300 DV2500 V3000 Laptop Keyboard,34.00,keyboard,0
acer,ACER Travelmate P256 P256-M P273 P273-M P273-MG Laptop Keyboard,35.00,keyboard,1
acer,Acer Travelmate 7520 7720 eMachines E528 Laptop Keyboard,70.00,keyboard,0
acer,Acer Travelmate 5600 5602 5610 5620 7320 7510 Laptop Keyboard,70.00,keyboard,1
acer,Acer Aspire 7720Z 7720ZG 8530 8530G 8730 8730ZG Laptop Keyboard,70.00,keyboard,0
acer,Acer Aspire E5-721 E5-771 E5-771G E572 ES1-512 ES1-711 Laptop Keyboard,35.00,keyboard,0
acer,Acer Aspire E5-551 E5-551G E5-571 E5-571G E5-571P Laptop Keyboard,35.00,keyboard,1
acer,Acer Aspire 6530 6930G 8920 8930G 9920 5335 5335Z Laptop Keyboard,70.00,keyboard,1
hp compaq,HP Compaq V3100 V3000 DV2400 Series 417068-00127 Laptop Keyboard,34.00,keyboard,0
hp compaq,HP Compaq Presario V3000 V3700 V3900 V3500 Series Laptop Keyboard,34.00,keyboard,1
acer,Acer Aspire V3-572 V3-572G V3-572P V3-572PG Laptop Keyboard,35.00,keyboard,0
acer,Acer Aspire 8735 8735G 8735ZG 8920 8920G 8930 Laptop Keyboard,70.00,keyboard,1
acer,Acer Aspire 6930ZG 7000 7003WSMi 7004WSMi 7100 Laptop Keyboard,70.00,keyboard,0
acer,Acer Aspire V5-561 V5-561G V5-561P V5-561PG Laptop Keyboard,35.00,keyboard,0
acer,Acer Aspire V3-551 V3-551G V3-571 V3-571G Laptop Keyboard,35.00,keyboard,2
hp compaq,Hp Compaq X1500 X6105 ZE2000 ze2000 ze2100 Laptop Charger Adapter,38.00,adapter,2
hp compaq,Hp Compaq G3000EA G3050EA G3100 G5000 G5050 Laptop Charger Adapter,38.00,adapter,1
hp,Hp dv2z DV4000 dv4000 DV5000 dv5000 dv6000 Laptop Charger Adapter,38.00,adapter,1
hp compaq,Hp Compaq 900 A900 B1000 B2000 B3000 B3800 C300 Laptop Charger Adapter,38.00,adapter,5
hp compaq,Hp Compaq V2600 V3000 V3100 V3200 V3400 V3500 Laptop Charger Adapter,38.00,adapter,1
asus,Asus X50IJ K50C K50IJ K62 K70 K60IJ P50 p50IJ Laptop Keyboard,44.00,keyboard,1
hp,Hp dm3z dm3z-1000 dm3z-2000 DV1000 dv1000 Laptop Charger Adapter,38.00,adapter,1
hp compaq,Hp Compaq nc4010 NC4200 NC6000 nc6000 NC6100 Laptop Charger Adapter,38.00,adapter,2
hp,HP Pavilion DV1000 DV1000T DV1200 DV1300 DV1400 DV1500 Laptop Battery,78.00,battery,0
hp compaq,Hp Compaq 2200 2800 311 3300 4300 500 510 520 Laptop Charger Adapter,38.00,adapter,1
asus,Asus K61 K62 K70 K70AB K70AC K70AD K70AE K70AF Laptop Keyboard,44.00,keyboard,0
hp,HP Pavilion DV4400 DV5000 DV5000T DV5000Z DV5100 DV5200 Laptop Battery,78.00,battery,1
hp compaq,Hp Compaq V6700 V6900 X1000 X1100 X1200 X1300 Laptop Charger Adapter,38.00,adapter,1
asus,Asus K56 K56C K56CA K56CB K56CM S550C Laptop Keyboard,49.00,keyboard,1
compaq,Compaq Presario M2300 M2400 M2500 M2500Z R4000CA Laptop Battery,78.00,battery,0
hp compaq,Hp Compaq V1000 V2000 V2100 V2200 V2300 V2400 Laptop Charger Adapter,38.00,adapter,0
hp compaq,Hp Compaq N115 N150 N200 N400 N400c N410c N600 Laptop Charger Adapter,38.00,adapter,0
hp compaq,Hp Compaq N610c N620c N800 N8000 N800c N800v Laptop Charger Adapter,38.00,adapter,1
acer,Acer Aspire E1-521 E1-531 E1-531G E1-571 E1-571G Laptop Keyboard,26.00,keyboard,0
hp,Hp dm3-1000 dm3-2001ax dm3-2010us dm3-3000  Laptop Charger Adapter,38.00,adapter,0
hp compaq,Hp Compaq C500 E300 E500 F500 F700 C700 G6000 Laptop Charger Adapter,38.00,adapter,0
hp compaq,Hp Compaq 530 540 541 620 625 630 6300 631 635 Laptop Charger Adapter,38.00,adapter,0
hp,Hp dm1-2100 DM1Z dm1z-2000 dm1z-2100 Laptop Charger Adapter,38.00,adapter,0
hp,HP Pavilion DV1600 DV1700 DV4000 DV4100 DV4200 DV4300 Laptop Battery,78.00,battery,0
hp,HP Pavilion ZE2200 ZE2200T ZE2200Z ZE2300 ZE2400 ZT4000 Laptop Battery,78.00,battery,0
asus,aSUS K40 K401 K40AB K40AC K40AD K40AE K40AF K40AN K40C Laptop Keyboard,42.00,keyboard,0
asus,Asus K50A K50AF K50ZE K51AC K51AE Laptop Keyboard,35.00,keyboard,0
hp compaq,Hp Compaq TC4200 TC4400 tx1000 tx1100 NC7200 Laptop Charger Adapter,38.00,adapter,2
hp,Hp dx6000 DM1 Dm1-1000 dm1-1100 dm1-2000 Laptop Charger Adapter,38.00,adapter,1
compaq,Compaq Presario C300 C500 M2000 M2000Z M2100 M2200 Laptop Battery,78.00,battery,0
hp compaq,Hp Compaq V5000 V6000 V6100 V6200 V6300 V6400 Laptop Charger Adapter,38.00,adapter,1
hp,Hp DV1400 DV1500 DV1600 dv2 dv2000 dv2000t Laptop Charger Adapter,38.00,adapter,2
hp compaq,Hp Compaq tx1300 tx1400 tx2 Tx2 tx2000 tx2100 Laptop Charger Adapter,38.00,adapter,0
hp,HP Pavilion DV5300 ZE2000 ZE2000t ZE2000Z ZE2100 Laptop Battery,78.00,battery,0
hp compaq,Hp Compaq NC6115 NC6120 NC6200 NC6220 NC6230 Laptop Charger Adapter,38.00,adapter,3
hp compaq,Hp Compaq G7030 L2000 M2000 M2100 M2400 M2500z Laptop Charger Adapter,38.00,adapter,0
hp,Hp dm3-3100 dm3t-1000 dm3z-1000 dm3t-1000 Laptop Charger Adapter,38.00,adapter,0
hp compaq,Hp Compaq nx9040 NX9050 TC1000 N600c NC6105  Laptop Charger Adapter,38.00,adapter,0
hp compaq,Hp Compaq M300 M700 N1000 N1000C N1000V N1005V Laptop Charger Adapter,38.00,adapter,0
no brand,Laptop LCD Screen LP156WF1 (TL) (F3) WUXGA (1920x1080) Full HD ,300.00,laptop,0
dell,DELL Inspiron M511R 7720 N7110 15R N5110 M5110 M501Z Laptop Keyboard,30.00,keyboard,0
hp,HP 15-AF AC AC652TX AC131DX AC121DX AC192TX  Laptop Keyboard,68.00,keyboard,0
hp,HP 15-ac001tx 15-ac002tx 15-ac005tu 15-ac008tu  Laptop Keyboard,68.00,keyboard,0
hp,HP 250 G4 256 G4 255 G4 TPN-C126 Laptop keyboard,68.00,keyboard,1
hp,HP 813974-001 15-AC169TX 15-AC128TX 15-ac009tu Laptop Keyboard,68.00,keyboard,2
hp,HP 15-ac 15-ac000 15-af 15-af000 15-ac173tx 15-ac193tx Laptop Keyboard,68.00,keyboard,3
asus,ASUS Vivobook S200 S200E S200L X200 X201 X201E X202E Laptop Keyboard,38.00,keyboard,0
hp,HP Pavilion Dv4 i5 2nd ATI Radeon 650GB 4GB Laptop Notebook Rm980,980.00,laptop,198
hp,*HP Compatible ^Laptop Notebook Power Adapter 90W 19V 4.74A- Big Head,60.00,adapter,5
lenovo,IBM Lenovo ThinkPad R400 ATI DVD Camera Laptop Notebook Rm390,390.00,laptop,154
lenovo,Lenovo IBM Thinkpad T410 i5 4GB 14 Inch Laptop Notebook Rm750,750.00,laptop,242
hp,"HP ENVY 13-ad142TX 13.3"" Touch FHD Laptop Silver (i5-8250U, 8GB, 256GB",4634.00,laptop,9
msi,"MSI GL62M-7RC-053MY Gaming Notebook Laptop i5 7300HQ,4GB RAM,MX150 2GB",3229.00,laptop,13
lenovo,"Lenovo Ideapad 120s-14IAP 81A5009LMJ 14"" Laptop Grey ( N4200, 4GB, 128",1665.00,laptop,12
hp,Hp Mini 1000 1100 HSTNN-OB80 157C DB80 1001TU Laptop Battery,99.00,battery,11
hp,Hp Mini 110-3110BR 110-3190SF CQ10-400 CQ10-400CA Laptop Battery,78.00,battery,0
hp,Hp Mini CQ10-450EA CQ10-500 CQ10-500EA CQ1O-510CA Laptop Battery,78.00,battery,1
hp,HP Mini 210-1000 210-1100 210T-1000 210T-1100 CQ20 2102 Laptop Battery,78.00,battery,0
hp,Hp Mini 110-3000 110-3000CA 110-3100 110-3100CA Laptop Battery,78.00,battery,0
msi,"MSI GL62-7RDX-1296 Gaming Notebook Laptop i5-7300HQ,4GB,GTX 1050 2GB",3709.00,laptop,10
msi,"MSI GL62M-7RD-089 Gaming Notebook Laptop i7-770HQ,4GB RAM,GTX 1050 2GB",4099.00,laptop,8
acer,Acer Aspire 5500 5500Z 5570 5570Z 5580 Laptop Battery,78.00,battery,0
acer,Acer Extensa 2400 2480 4014NWXMI Laptop Battery,78.00,battery,0
acer,Acer Aspire 3030 3050 3200 3600 3680 5030 5050 Laptop Battery,78.00,battery,0
acer,Acer TravelMate 2400 2480 3210 3220 3230 3260 3270 4310 Laptop Battery,78.00,battery,0
acer,Acer Aspire  5563 5590 Extensa 4630 4630Z Laptop Battery,78.00,battery,1
acer,Acer MS2180 MS2181 MS2204 MS2211 MS2229 MS2230 TM07A72 Laptop Battery,78.00,battery,1
acer,Acer TravelMate 6292G 6293 6492 6492G 6493 6553 6593 Laptop Battery,78.00,battery,1
acer,Acer Extensa 3100 4120 4130 4220 4230 4420 4620 4620Z Laptop Battery,78.00,battery,0
acer,Acer TravelMate 3300 4320 4320G 4520 4520G 4720 4730 Laptop Battery,78.00,battery,0
acer,Acer Aspire 2420 2920 2920G 2920Z 2920ZG 3620 3620A Laptop Battery,78.00,battery,0
acer,Acer TravelMate 2420 2440 2470 3240 3250 3280 3290 Laptop Batter,78.00,laptop,1
acer,Acer Aspire 3623 3624 3628 3640 5540 5550 5560 5562 Laptop Battery,78.00,battery,0
acer,Acer Ferrari 1100 Travelmate 6593G Laptop Battery,78.00,battery,0
acer,Acer TravelMate 4730G 6231 6252 6290 6291 6291G 6292 Laptop Battery,78.00,battery,1
lenovo,LENOVO R400 R500 SL300 SL400 SL500 X121E Laptop Adapter Charger,40.00,adapter,2
acer,Acer Aspire E1-410 E1-410G E1-422 E1-422G E1-430 Laptop Battery,65.00,battery,0
lenovo,LENOVO E530 E535 T400 T400s T410 T410i T410s Laptop Adapter Charger,40.00,adapter,4
lenovo,LENOVO S230U X220i X300 X300s R510 T60s T61s Laptop Adapter Charger,40.00,adapter,2
acer,Acer Aspire V5-571G V5-571P V5-571PG E1-572PG S3-471 Laptop Battery,65.00,battery,0
lenovo,LENOVO E120 E125 E220 E220s E320 E325 E330 Laptop Adapter Charger,40.00,adapter,2
lenovo,LENOVO X300 X301 R60 R60e R61 R61e R61i Laptop Adapter Charger,40.00,adapter,1
lenovo,LENOVO 3000 C100 C200 N100 N200 V100 V200 Laptop Adapter Charger,40.00,adapter,1
acer,Acer Aspire V5-431 V5-431G V5-431P V5-431PG E1-472PG Laptop Battery,65.00,battery,4
acer,Acer Aspire E1-570 E1-572 E1-572G E1-572P V5-471PG Laptop Battery,65.00,battery,2
acer,Acer Aspire E1-430P E1-432 E1-432G E1-470 E1-470G Laptop Battery,65.00,battery,2
lenovo,LENOVO E420 E420s E425 E430 E435 E520 E525 Laptop Adapter Charger,40.00,adapter,0
lenovo,LENOVO SL510 11 E10 13 14 15 E35 E40 E50 Laptop Adapter Charger,40.00,adapter,1
acer,Acer Aspire E1-510P E1-522 E1-532 E1-532P V5-531PG Laptop Battery,65.00,battery,4
lenovo,LENOVO SL510 SL510k T410 T510 L410 L412 Laptop Adapter Charger,40.00,adapter,2
lenovo,LENOVO T410si T420 T420i T420s T420si T500 Laptop Adapter Charger,40.00,adapter,1
acer,Acer Aspire V5-471 V5-471G V5-471P V5-471PG V5-531 Laptop Battery,65.00,battery,0
acer,Acer Aspire E1-430G E1-432P E1-432PG E1-470PG  Laptop Battery,65.00,battery,2
acer,Acer AL12A32 AL12A42 AL12A52 AL12A72 Laptop Battery,65.00,battery,1
lenovo,LENOVO T60 Z60 T60p T61 T400 T400s T510s Z61p Laptop Adapter Charger,40.00,adapter,1
lenovo,LENOVO L420 L421 L510 L512 L520 SL300 Laptop Adapter Charger,40.00,adapter,1
acer,Acer Aspire E1-470P E1-472 E1-472G E1-472P E1-510 Laptop Battery,65.00,battery,1
lenovo,LENOVO SL400 SL400c SL410 SL500 SL500c Laptop Adapter Charger,40.00,adapter,0
lenovo,LENOVO T510 T510i T520 T520i W500 W510 X121 Laptop Adapter Charger,40.00,adapter,0
lenovo,LENOVO Z60m Z60t Z61e Z61m Z61t X60 X60s Laptop Adapter Charger,40.00,adapter,0
lenovo,LENOVO X61 X61s X61 X61LS X200 X200s X200 Laptop Adapter Charger,40.00,adapter,1
acer,Acer Aspire V5-531G V5-531P V5-551 V5-551G V5-571 Laptop Battery,65.00,battery,0
lenovo,LENOVO X100e X120e X200 X200s X201 X201i X220 Laptop Adapter Charger,40.00,adapter,1
lenovo,LENOVO V200 T410 T410s T510 SL410 SL410k Laptop Adapter Charger,40.00,adapter,2
acer,Acer Aspire 3410 3410T 3410G 3811TG 3811TZ MS2305 Laptop Keyboard,25.00,keyboard,0
acer,Acer Aspire 4820 4820G 4820T 4820TG 4625 4625G Laptop Keyboard,25.00,keyboard,1
hp,HP Pavilion DV3-2100 DV3-2101TU DV3-2175EE Laptop Battery,83.00,battery,0
hp,HP Pavilion DV3T DV3T-2000 DV3Z RT06 RT09 Laptop Battery,83.00,battery,0
acer,Acer Aspire 3750 3750G 3750Z 3750ZG 3811TZG MS2303 Laptop Keyboard,25.00,keyboard,2
lenovo,LENOVO IDEAPAD G475AX V470A V470G V470CA B470 G470E Laptop Keyboard,27.00,keyboard,2
lenovo,LENOVO IDEAPAD G470AH G470GH V470C V475 G470 G475 Laptop Keyboard,27.00,keyboard,1
no brand,Keyboard EMachine D730 D730G D730Z D730ZG D732 Laptop Keyboard,25.00,keyboard,2
acer,Acer Aspire 4736 4736G 4736Z 4736ZG 4739 4739G 4739Z Laptop Keyboard,25.00,keyboard,2
acer,Acer Aspire 4333 4336 4339 4349 4349Z 4352 4352G 4551 Laptop Keyboard,25.00,keyboard,2
acer,Acer Aspire 4752 4733 4733Z 4752G 4752Z 4752ZG 4240 Laptop Keyboard,25.00,keyboard,0
hp,HP Pavilion DV3-2300 DV3-2301TU DV3-2390EO Laptop Battery,83.00,battery,0
compaq,Compaq Presario CQ35 CQ35-100 101TU 129TX Laptop Battery,83.00,battery,4
acer,Acer Aspire 4810 4810T 4810TZ 4810TG 4410 4410T 4560 Laptop Keyboard,25.00,keyboard,0
compaq,Compaq Presario CQ35-200 201TX Laptop Battery,83.00,battery,0
compaq,Compaq Presario CQ36 CQ36-100 CQ36-101TX  Laptop Battery,83.00,battery,0
acer,Acer Aspire 3810 3810T 3810TG 3815 ZQ5A ZQ8B ZQ8C ZQ6A Laptop Keyboard,25.00,keyboard,0
no brand,Keyboard EMachine D440 D442 D640 D640G D528 D728 Laptop Keyboard,25.00,keyboard,0
acer,Acer Aspire 4740 4740G 4741 4741G 4741Z 4741ZG 4535 Laptop Keyboard,25.00,keyboard,1
acer,Acer Aspire 4750 4750G 4750Z 4750ZG 4738 4738G Laptop Keyboard,25.00,keyboard,4
lenovo,LENOVO IDEAPAD V470AT V470GT B470A B470G V470 Laptop Keyboard,27.00,keyboard,1
acer,Acer Aspire 4743 4743G 4743Z 4743ZG 4350 4350G Laptop Keyboard,25.00,keyboard,0
acer,Acer Aspire MS2306 MS2332 MS2316 MS2271 MS2347 4738Z Laptop Keyboard,25.00,keyboard,2
acer,Acer Aspire 4540 4540G 4535 4535G 4553 4553G 4738ZG Laptop Keyboard,25.00,keyboard,0
acer,Acer Aspire 5610 5630 5680 5100 5515 5502 5110 4735Z Laptop Keyboard,25.00,keyboard,0
hp,HP Pavilion DV3-2000 DV3-2001TU DV3-2090EN Laptop Battery,83.00,battery,0
asus,Asus Vivobook  X200CA X202 Q200 Q200E Laptop Keyboard,38.00,keyboard,6
acer,Acer Aspire 4743 4743G 4743Z 4743ZG 4551G 4552G 4552 Laptop Keyboard,25.00,keyboard,0
hp,HP Pavilion DV3-2200 DV3-2201TU DV3-2299EO Laptop Battery,83.00,battery,0
acer,Acer Aspire 3935 4235 4250 4251 4252 4253 4253G 4560G Laptop Keyboard,25.00,keyboard,1
acer,Acer Aspire 3100 3650  5935G 5940G 5942G 4735G Laptop Keyboard,25.00,keyboard,1
acer,Acer Aspire 4745 4745G 4745Z 4759G 4749 4743G 4735 Laptop Keyboard,25.00,keyboard,4
asus,ASUS U20 U20A U20G UL20 UL20A UL20AT UL20FT 1225C Laptop Keyboard,40.00,keyboard,4
asus,ASUS 1201p 1201PN 1201NL UL30 UL20 UL80 UL30A UL30V Laptop Keyboard,40.00,keyboard,1
no brand,Fujitsu LifeBook L1010 P7250 250GB 3GB 14 Inch Laptop Rm630,630.00,laptop,11
acer,Acer Aspire 4743g i5 2.67GHz 4GB 500GB Nvidia Laptop Notebook Rm890,890.00,laptop,13
dell,**incendeo** - DELL Latitude D410 Laptop with Docking Station,399.00,laptop,6
no brand,**incendeo** - FUJITSU LifeBook C1321 Laptop,399.00,laptop,2
no brand,**incendeo** - APPLE Macbook 13â White Laptop,349.00,laptop,5
no brand,**incendeo** - IBM Thinkpad T42 Laptop,199.00,laptop,2
dell,**incendeo** - DELL Inspiron 1520 Laptop,249.00,laptop,7
no brand,**incendeo** - APPLE 12-inch iBook G4 1.2Ghz Laptop,1199.00,laptop,3
no brand,**incendeo** - APPLE 12-inch iBook G4 800Mhz Laptop ,999.00,laptop,1
hp,"HP Pavilion Power 15-cb511TX 15.6"" FHD Laptop Ghost White (i7-7700HQ, ",3913.00,laptop,9
asus,"Asus Vivobook S15 S510U-NBQ174T 15.6"" FHD Laptop Gold (i7-8550u, 4GB, ",3985.00,laptop,22
hp,Hp Envy 15 17 440 G2 TPN-Q140 VI04 HSTNN-LB6K Laptop Battery,109.00,battery,11
asus,"Asus ROG FX553V-DDM1025T 15.6"" FHD Gaming Laptop",3199.00,laptop,14
hp,HP Pavilion DV7 DV8 HDX18 DB74 DB75 OB75 XB75 Laptop Battery,99.00,battery,10
hp,Hp Envy DV4 DV6 DV7 HSTNN-UB3N LB3P MO06 MO09 Laptop Battery,79.00,battery,9
acer,"Acer Aspire ES 14 ES1-432-C8AR 14"" Laptop(N3350, 4GB, 500GB,Intel,W10)",1199.00,laptop,26
dell,"Dell Inspiron 15 5567-50814G-W10 15.6"" Laptop",3159.00,laptop,7
hp compaq,HP Compaq V3000 DV2000 DV6000 V3700 DV2700 HSTNN-LB42 Laptop  Battery,79.00,battery,8
lenovo,"Lenovo Ideapad 320S-13IKB 13.3"" FHD IPS Laptop",2850.00,laptop,15
lenovo,"Lenovo Ideapad 110-15ACL MTM-80TJ00LWMJ 15.6"" Laptop",1385.00,laptop,13
hp,"HP Pavilion x360 14-ba064tx 14"" Laptop/ Notebook",3079.00,laptop,11
hp,"HP 14-bs537TU 14"" Laptop/ Notebook",1240.00,laptop,12
lenovo,Lenovo 3000 N100 14 Inch Camera DVD Notebook Laptop Rm450,450.00,laptop,80
no brand,Samsung NP- NT- Q318 Q430 R423 R428 R429 R430 R431 Laptop Battery,80.00,battery,4
no brand,Samsung NP- RV520 RV709 RV711 RV720 RV508 Laptop Battery,80.00,battery,0
no brand,Samsung NP- RF411 RV410 RV711 SE20 NT275E NT275E4E Laptop Battery,80.00,battery,2
no brand,Samsung NP- P459 Q318 R65 R428 R457 R469 R530 R780 Laptop Battery,80.00,battery,1
no brand,Samsung NP- R403 R408 R410 R411 R418 R420 R425 Laptop Battery,80.00,battery,1
no brand,Samsung AA-PB9NC5B AA-PB9NC6B AA-PB9NS6B AA-PL9NC2B Laptop Battery,80.00,battery,9
no brand,Samsung NP- NT- P430 P480 P510 P530 P560 P580 Q230 Laptop Battery,80.00,battery,0
no brand,Samsung NP- RV411 RV413 RV415 RV419 RV420 RV440 Laptop Battery,80.00,battery,1
no brand,Samsung NP- RV509 RV510 RV511 RV513 RV515 RV518 Laptop Battery,80.00,battery,1
no brand,Samsung NP300E4ZH NP300E4ZI NP300E7A NP300E7Z NP300V4A Laptop Battery,80.00,battery,0
no brand,Samsung NP- R718 R719 R720 R728 RC410 RC418 RC420 Laptop Battery,80.00,battery,2
no brand,Samsung NP355E NP3415 NP3430 NP3431 NT275E4V Laptop Battery,80.00,battery,0
no brand,Samsung NP- P500 P550 P710 Q208Q210 Q308 Q310 Laptop Battery,80.00,battery,0
no brand,Samsung NP- Q320 Q322 Q428 Q460 Q470 Q520 Q528 Laptop Battery,80.00,battery,1
no brand,Samsung NP- R507 R508 R509 R510 R517 R518 R518H R519 Laptop Battery,80.00,battery,1
no brand,Samsung NP- RC730 RF411 RF511 RF711 RF712 RV409 Laptop Battery,80.00,battery,0
no brand,Samsung NP- R464 R465 R466 R467 R468 R470 R503 R505 Laptop Battery,80.00,battery,0
no brand,Samsung NP- SA11 SA20 SA21 SA31 SA41 SE11 SE21 SE31 Laptop Battery,80.00,battery,0
no brand,Samsung NP- NT- R730 R780 RF410 RF510 RF710 Laptop Battery,80.00,battery,2
no brand,Samsung NP- P50 P60 P210 P410 P430C P460 P461 P467 Laptop Battery,80.00,battery,0
no brand,Samsung M60 NP200 NP275E4E X6 X65 X360 X460 X560 Laptop Battery,80.00,battery,0
no brand,  Samsung M60 NP200 NP275E4E X6 X65 X360 X460 X560 Laptop Battery,80.00,battery,0
no brand,Samsung NP- R538 R548 R560 R590 R610 R620 R700 R710 Laptop Battery,80.00,battery,0
no brand,Samsung NP- NT- E152 E251 E252 P230 P330 P428 RV410 Laptop Battery,80.00,battery,0
no brand,Samsung NP275E4V NP275E5E NP300 NP300E4A NP300E4Z Laptop Battery,80.00,battery,0
no brand,Samsung NP- E3510 E3520 E5510 E452 M60 P408 P478 Laptop Battery,80.00,battery,0
no brand,Samsung NP- R520 R520H R522 R522H R525 R528 R530 Laptop Battery,80.00,battery,2
no brand,Samsung NP- RC510 RC512 RC520 RC530 RC710 RC720 Laptop Battery,80.00,battery,0
no brand,Samsung NP- NT- R439 R440 R478 R480 R523 R540 R580 Laptop Battery,80.00,battery,1
no brand,Samsung NP- Q530 R39 R40 R41 R45 R60 R65 R70 R71 Laptop Battery,80.00,battery,1
no brand,Samsung NP300V5A NP305 NP305E5Z NP305V3A NP305V4Z Laptop Battery,80.00,battery,1
no brand,Samsung NP- E257 E271 E272 E352 E372 E341 P469 Laptop Battery,80.00,battery,0
no brand,Samsung NP- R427 R438 R453 R455 R458 R460 R462 R463 Laptop Battery,80.00,battery,0
asus,"Asus Vivobook A510U-QBQ588T 15.6"" FHD Laptop Grey (i5-7200U, 4GB, 1TB,",2564.00,laptop,27
asus,Asus Eee PC 1215 1215B 1215BT 1215N 1215P 1215T Laptop Battery,78.00,battery,4
asus,ASUS T100TA T100CHI T100TAL T100TAM T100TAR Laptop Keyboard,55.00,keyboard,3
lenovo,Lenovo 100S-11iBY 111BY [ 100S 11IBY ] Laptop Keyboard,67.00,keyboard,1
asus,ASUS T100TA T100CHI T100TAL T100TAM T100TAR Laptop Keyboard,55.00,keyboard,3
hp,HP 15-r012tx D006tu 708168-001 d019tu e049tx Laptop Keyboard,50.00,keyboard,2
hp,HP Pavilion 15T-E000 15T-N100 15t-n200 15z-n200 Laptop Keyboard,50.00,keyboard,4
hp,HP Pavilion 14-ab027tx 14-ab066us 14-ab109tx 14-AB020t Laptop Keyboard,69.00,keyboard,3
hp,HP Pavilion 14-ab100 14-ab000 14-ab159tx Laptop Keyboard,69.00,keyboard,2
hp,HP Pavilion 15-D000 15-E000 15-F000 15-G000 15-H000 Laptop Keyboard,50.00,keyboard,1
hp,HP Pavilion 17-E000 17-N000 17z-e000 17z-e100 Laptop Keyboard,50.00,keyboard,2
hp,HP Pavilion 14-ab 14-ab014tu 14-ab023tu 14-ab166tx Laptop Keyboard,69.00,keyboard,5
hp,HP Pavilion 14-ab156tx 14-ab157tx 14-ab158tx Laptop Keyboard,69.00,keyboard,4
hp,HP Mini Compaq Mini 110-3000 110-3100 Series Laptop Keyboard,43.00,keyboard,1
hp,HP Pavilion 15-d008sv d008sx d008tu d008tx d009ej Laptop Keyboard,50.00,keyboard,5
hp,HP Pavilion 15-N000 15-N100 15-N200 15-R000 15-S000 Laptop Keyboard,50.00,keyboard,1
hp,HP Pavilion 15-D009TX N000SH N001SH R026TX Laptop Keyboard,50.00,keyboard,2
hp,HP Pavilion DV6200 DV6300 DV6400 DV6500 DV6600 DV6700 Laptop Battery,70.00,battery,0
hp,HP Pavilion DV2000 DV2100 DV2200 DV2300 DV2400 DV2500 Laptop Battery,70.00,battery,2
hp,HP G6000 G7000 Pavilion DV6800 DV6900 DX6600 DX6700 Laptop Battery,70.00,battery,2
hp,HP Pavilion DV2600 DV2700 DV2800 DV2900 DV6000 DV6100 Laptop Battery,70.00,battery,2
hp,HP HSTNN-W20C EV088AA EV089AA EX940AA VE06 VE12 Laptop Battery,70.00,battery,2
hp,HP HDX X16-1100 1200 1300 HDX X16T Laptop Battery,65.00,battery,0
hp compaq,Hp Compaq CQ50 CQ50-100 CQ50-200 CQ61Z Laptop Battery,65.00,battery,0
hp,HP Pavilion DV5T-1100 1200 DV5TSE  DV5Z-1000 1100 1200 Laptop Battery,65.00,battery,1
hp,HP Pavilion DV4-1600 2000 2100 DV4I-2100 DV4T Laptop Battery,65.00,battery,1
hp,HP G50 G60 G60T G61 G70 G70T G71 G71T HDX X16 X16-1000 Laptop Battery,65.00,battery,0
hp compaq,Hp Compaq CQ45 CQ45-100 CQ45-200 CQ45-300 CQ45-300 Laptop Battery,65.00,battery,1
hp,HP Pavilion DV6Z DV6Z-1000 2000 2100 Laptop Battery,65.00,battery,1
hp,HP Pavilion DV4T-1000 DV4Z DV4Z-1000 1100 1200 Laptop Battery,65.00,battery,1
hp compaq,Hp Compaq CQ70 CQ70-100 CQ70-200 Laptop Battery,65.00,battery,1
hp,HP Pavilion DV6T-1000 1100 1200 1300 2000 2100 2300 Laptop Battery,65.00,battery,1
hp compaq,HP Compaq EV03 EV06 EV12 HSTNN-C53CHSTNN-CB72 Laptop Battery,65.00,battery,2
hp,HP Pavilion DV4 DV4-1000 1100 1200 1300 1400 1500 Laptop Battery,65.00,battery,0
hp,HP Pavilion DV5 DV5-1000 1100 1200 1300 DV5T DV5T-1000 Laptop Battery,65.00,battery,1
hp compaq,Hp Compaq CQ61 CQ61-100 CQ61-200 CQ61-300 CQ61-400  Laptop Battery,65.00,battery,2
hp compaq,HP Compaq CQ40 CQ40-100 CQ40-200 CQ40-300 CQ40-400 Laptop Battery,65.00,battery,1
hp compaq,Hp Compaq CQ40-600 CQ40-700 CQ41 CQ41-100 CQ41-200 Laptop Battery,65.00,battery,0
hp compaq,Hp Compaq CQ60-400 CQ60-500 CQ60-600 CQ60Z CQ40-500 Laptop Battery,65.00,battery,2
hp compaq,Hp Compaq CQ71 CQ71-100 CQ71-200 CQ71-300 CQ71-400 Laptop Battery,65.00,battery,0
hp compaq,Hp Compaq CQ50T CQ50Z CQ60 CQ60-100 CQ60-200 CQ60-300 Laptop Battery,65.00,battery,0
hp,HP Pavilion DV6 DV6-1000 1100 1200 1300 1400 2000 2100 Laptop Battery,65.00,battery,0
hp,HP Pavilion DV7-5000 DV7-6000 DV7-6100 MU06 MU09 Laptop Battery,65.00,battery,1
asus,Asus X550C X550CA X550CC X550CL X550VC X550L X550LA Laptop Keyboard,35.00,keyboard,3
no brand,A45 K45 A85 A85V R400 R400V A45N A45V Laptop Keyboard,34.00,keyboard,3
asus,Asus K46 K46C K46CA K46CM Laptop Keyboard,45.00,keyboard,3
compaq,Compaq Presario CQ43 CQ43-100 CQ43-200 CQ43-300 Laptop Battery,65.00,battery,3
asus,Asus A45VD A45VJ A45VM A45VS A45 A45A A45DE A45DR Laptop Keyboard,34.00,keyboard,5
asus,ASUS U47 U47A U47C U47V U47VC U37 U37VC S400XI Laptop Keyboard,34.00,keyboard,4
asus,Asus A46SV A46 A46C A46CA A46CM R400D UX42 UX42VS Laptop Keyboard,34.00,keyboard,1
asus,Asus X550V X550VB X550VL X550A X550C X550CA X550EA Laptop Keyboard,35.00,keyboard,2
asus,Asus A550LN A550V A550VB A550VC X550LB X550LC X550EP Laptop Keyboard,35.00,keyboard,1
asus,Asus A550LA A550LB A550J A550JD A550JK A550L Laptop Keyboard,35.00,keyboard,3
asus,Asus K45DE K45DR P45 K45V  K45VG A45D A45VG E45 Laptop Keyboard,34.00,keyboard,1
asus,ASUS K46CB S46 S46C S46CA S46CB A85VM R400VS Laptop Keyboard,34.00,keyboard,5
asus,ASUS X550 X550D X550LDV X550LN X550LNV X550DP X550LD Laptop Keyboard,35.00,keyboard,6
asus,Asus S46CM S46E R408 R408C R408CA K45 S400CB S400E Laptop Keyboard,34.00,keyboard,2
asus,Asus N46 N46JV N46VB N46VJ N46VM N46VZ R404V R404VC Laptop Keyboard,34.00,keyboard,2
asus,Asus A85A A85D A85DE A85DR A85N A85VD A85VJ V451LN Laptop Keyboard,34.00,keyboard,0
compaq,Compaq Presario CQ62-A00 CQ62z-200 CQ62z-300 CQ630 CQ72 Laptop Battery,65.00,battery,1
asus,Asus X552LA X552LAV X552LD K550LA K550E k550ln Laptop Keyboard,35.00,keyboard,1
asus,ASUS D550 D550C D550CA D550M D550MA D550MAV Laptop Keyboard,35.00,keyboard,1
asus,Asus X552M X552MD X552V X552VL X552W X552WA X552WE Laptop Keyboard,35.00,keyboard,2
asus,Asus R451LN R453LA R453LB R453LN K45N K45PR K45D Laptop Keyboard,34.00,keyboard,3
asus,Asus K550 K550C K550CA K550CC K550D K550DP K550L Laptop Keyboard,35.00,keyboard,1
asus,Asus F550 F550C F550CA F550CC F550L F550LA F550LAV Laptop Keyboard,35.00,keyboard,0
asus,Asus K45A K45V K45VD K45VJ K45VM K45VS Laptop Keyboard,34.00,keyboard,3
asus,Asus R401JV R401VB R401VJ R401VM R401VZ R404A R404C Laptop Keyboard,34.00,keyboard,2
asus,Asus A550 A550C A550CA A550CC A550D A550DP A550LC Laptop Keyboard,35.00,keyboard,7
asus,Asus R400DE R400DR R400N R400VD R400VG R400VM Laptop Keyboard,34.00,keyboard,1
hp compaq,HP Compaq Presario CQ42 G42 590121-001 600175-001 Laptop Keyboard,35.00,keyboard,4
compaq,Compaq Presario CQ52 CQ56-100 CQ56-200 CQ56z-200 CQ57 Laptop Battery,65.00,battery,1
asus,Asus S400 S400C S400CA R451 R451L R451LA R451LB K45VS Laptop Keyboard,34.00,keyboard,1
compaq,Compaq Presario CQ42-100 CQ42-200 CQ42-300 CQ42-400 Laptop Keyboard,35.00,keyboard,1
hp,HP Pavilion dv5-2000 dv5-3000 DV5T-2000 dv5t-2100 Laptop Battery,65.00,battery,2
asus,Asus A556 A556U A556UA A556UB A556UF A556UJ Laptop Keyboard,60.00,keyboard,6
no brand,"Apple MacBook Air 13 MQD42ZP/A 13.3"" Laptop (i5 1.8GHz, 8GB, 256GB, In",4884.00,laptop,13
hp,"HP Envy 15-as105TU 15.6"" FHD Laptop Silver ( i7-7500u, 8GB, 128GB + 1T",4869.00,laptop,10
hp,HP Pavilion DV3000 DV3100 DV3500 HSTNN-CB71 Laptop Battery,79.00,battery,9
acer,ACER Aspire Timeline 1410 1810T 1810TZ Laptop Battery,85.00,battery,2
acer,Acer Aspire One UM09A31 UM09A41 UM09A71 UM09A73 UM09A75 Laptop Battery,85.00,battery,2
asus,Asus X551 X551M X551MA X551MAV X551C F551 F551CA Laptop Keyboard,50.00,keyboard,6
acer,Acer Aspire One Aspire One 752 752H Ferrari one 200 Laptop Battery,85.00,battery,0
acer,Acer Aspire One UM09B31 UM09B34 UM09B71 UM09B73 UM09B7C Laptop Battery,85.00,battery,1
asus,ASUS X552 X552C X552CL X552E X552EA X552EP X552L Laptop Keyboard,35.00,keyboard,4
acer,Acer UM09E31 UM09E32 UM09E36 UM09E51 UM09E56 UM09E70 Laptop Battery,85.00,battery,4
acer,Acer 934T2039F UM09E71 UM09E78 Laptop Battery,85.00,battery,4
asus,Asus R512 R512C R512CA R512M R512MA R512MAV Laptop Keyboard,35.00,keyboard,1
acer,"Acer Aspire One ZA3 751 751H AO751H ZG8 11.6"" UM09B7D Laptop Battery",85.00,battery,2
hp,Hp Pavilion DV1300 DV1000 DV4000 DV5000 ZE2000 M2000 Laptop Battery,79.00,battery,9
hp,HP Pavilion G4-2045tx -2120 2045TX -2235 Laptop Screen LED LCD Cable,88.00,laptop,87
hp,HP Pavilion G4-2045 -2006 -2147TX -2205la Laptop Screen LED LCD Cable,88.00,laptop,112
hp,HP Pavilion G4-2000 2044TX dd0r33lc050 Laptop Screen LED LCD Cable,88.00,laptop,177
lenovo,LENOVO G475 G570 G575 G470 G470A G475A G575GL Laptop CPU Cooling Fan,46.00,laptop,126
lenovo,LENOVO G470AH G475A G470AL G470AH G470A Laptop CPU Cooling Fan,46.00,laptop,128
dell,DELL Inspiron 1764 1464 14R N4010 N4110 1564 Laptop CPU Cooling FAN,28.00,laptop,263
acer,ACER Aspire 4730 4730Z 4735 4730ZG Laptop CPU Cooling Fan,34.00,laptop,132
acer,ACER Aspire 4736Z 4736 4935G 4736G 4935 4937G Laptop CPU Cooling Fan,34.00,laptop,193
dell,DELL XPS 1450 14 15 L401X L501X 1457 1458 Laptop Keyboard,60.00,keyboard,137
dell,DELL Inspiron N5010 M5010 15R-N5010 15R-M5010 Laptop Keyboard,44.00,keyboard,155
dell,DELL Inspiron 15 15R 5010 N5010 M5010 M501R Laptop Keyboard,44.00,keyboard,188
hp,HP DM3 DM3A DM3T HSTNN-OB0L UB0L FD06 DV4-3115TX  Laptop Battery,119.00,battery,9
hp,Hp DM1-3000 DM1-3200 3105M 3115M HSTNN-YB2D Laptop Battery,89.00,battery,7
lenovo,"Lenovo Ideapad 320S-13IKB 81AK000WMJ 13.3"" FHD Laptop Grey (i5-8250U, ",2886.00,laptop,34
lenovo,"Lenovo Ideapad 320S-13IKB 81AK000VMJ 13.3"" FHD IPS Laptop Gold (i5-825",2886.00,laptop,46
lenovo,"Lenovo Ideapad 320-15IKBRN 81BG000NMJ 15.6"" FHD Laptop Platinum Grey (",2631.00,laptop,10
msi,"MSI GL62M-7RDX-1220 15.6-Inch FHD Gaming Laptop (Black, i7-7700HQ, 4GB",3485.00,laptop,40
msi,"MSI GL62M 7RDX-1825 15.6-inch FHD Gaming Laptop Black (i5-7300HQ, 4GB,",3333.00,laptop,25
msi,"MSI GL62M-7RDX-1216 15.6-Inch FHD Gaming Laptop (Black, i5-7300HQ, 4GB",3038.00,laptop,28
asus,"Asus ROG GL553V-EFY339T 15.6-inch FHD Gaming Laptop (Black, i7-7700HQ,",4994.00,laptop,32
asus,"Asus ROG GL553V-DDM282T 15.6-Inch Gaming Laptop (i7-7700HQ, 8GB, 1TB+1",4310.00,laptop,27
asus,"Asus Zenbook UX330CA-FC045T 13.3"" FHD Laptop Rose Gold (m3-7Y30, 4GB, ",2642.00,laptop,21
msi,"MSI LEOPARD PRO GP62MVR 7RFX-674 15.6"" FHD Laptop (i7-7700HQ, 8GB, 1TB",5661.00,laptop,18
asus,Asus Gaming FX503V Laptop (i5-7300HQ.4GB.1TB) (DDM175Tï¼,3598.70,laptop,14
lenovo,"Lenovo Ideapad 120s-11IAP 81A400ANMJ 11.6 inch Laptop Pink ( N3350, 4G",1009.00,laptop,14
dell,"Dell XPS13-8515SG-QHD 13.3"" QHD Touch Laptop (i7-8550U, 16GB, 512GB, I",7215.00,laptop,21
acer,Acer Aspire 5610 5630 5640 5680 5685wlmI Laptop Keyboard,20.00,keyboard,1
acer,Acer Aspire 1681 3100 5100 3600 3610 3690 5113 3650 Laptop Keyboard,20.00,keyboard,0
acer,Acer Aspire 3680 5580 3620 Laptop Keyboard,48.00,keyboard,5
acer,Acer Aspire V5-531 V5-531G V5-551 V5-551G V5-571 V5-571G Laptop Keyboa,40.00,laptop,1
acer,Acer Aspire V5-531 V5-531P V5-571 V5-571G V5-571P Laptop Keyboard,40.00,keyboard,5
acer,Acer Aspire S3-331 S3-371 S3-391 S5-391 B113-E B113-M Laptop Keyboard,42.00,keyboard,3
acer,Acer Aspire One 725 756 AO725 AO756 Laptop Keyboard,42.00,keyboard,6
acer,Acer Aspire V5 V5-572G V5-572 M5-581G M5-581TG V5-573 Laptop Keyboard,40.00,keyboard,1
acer,Acer Aspire V5-552G V5-552P V5-552PG V5-573PG V5-573G Laptop Keyboard,40.00,keyboard,0
acer,Acer Aspire C710 S3 S5 Laptop Keyboard,42.00,keyboard,0
acer,Acer Aspire V 15 V15 Vn7-591g 591g-56bd 591g-55ke Laptop Keyboard,40.00,keyboard,6
acer,Acer Aspire V5-571PG M5-581 M3-581TG V5-552 MS2361 MA50 Laptop Keyboar,40.00,laptop,3
hp,HP Pavilion 11 -e010sr 11-n051sr n050er Laptop  Adapter Charger,50.00,adapter,2
hp,HP 15-r063sr 15-r065sr 15-r098sr  Laptop  Adapter Charger,50.00,adapter,3
hp,HP Pavilion x360 11 -n050er -n056nr 11t Laptop  Adapter Charger,50.00,adapter,1
hp,HP Pavilion Touchsmart 10 11 11-E 14 Laptop  Adapter Charger,50.00,adapter,4
hp,HP 15-g000sr 15-g001sr 15-g002sr 15-r153nr Laptop  Adapter Charger,50.00,adapter,0
hp,HP 14-r100 14-r250ur 14-r152nr 15-d001sr Laptop  Adapter Charger,50.00,adapter,2
hp,HP Pavilion 10 -e010sr f100 e000er n050er Laptop  Adapter Charger,50.00,adapter,3
hp,HP Pavilion Touchsmart 14-n100 15-n100 Laptop  Adapter Charger,50.00,adapter,0
hp,HP 255 G1 G2 G3 G4 350 G1 G2 355 G2 Laptop  Adapter Charger,50.00,adapter,1
hp,HP 15-d000sr 15-d002sr 15-d050sr 15-r272ur Laptop  Adapter Charger,50.00,adapter,4
hp,HP Pavilion x360 13 13-a 13-a252ur 13t Laptop  Adapter Charger,50.00,adapter,0
hp,HP 15-g206ur 15-g214ur 15-g213ur 15-r266ur Laptop  Adapter Charger,50.00,adapter,0
hp,HP 15-r050sr 15-r053sr 15-r054sr 15-r157nr Laptop  Adapter Charger,50.00,adapter,2
hp,HP 15-d051sr 15-d053sr 15-d054sr 15-r271ur Laptop  Adapter Charger,50.00,adapter,1
hp,HP Stream x360 11-d050nr 11-p050nr Laptop Adapter Charger,50.00,adapter,1
hp,HP Pavilion x2 10 10-k 10t Laptop  Adapter Charger,50.00,adapter,0
hp,HP ENVY x2 x360 15 15-u050er 15-u250ur Laptop  Adapter Charger,50.00,adapter,6
hp,HP 14-R 14-G 15-R 15-G 15-d002sr 15-d050sr Laptop  Adapter Charger,50.00,adapter,1
hp,HP Split 13 X2 Stream 11 11-d 13 13-c 14 Laptop  Adapter Charger,50.00,adapter,1
hp,HP TouchSmart 11 -e 14 14-n 15 15-j 15-n Laptop  Adapter Charger,50.00,adapter,2
hp,HP 15-r152nr 15-r257ur 15-r161nr  15-r151n Laptop  Adapter Charger,50.00,adapter,0
hp,HP 210 G1 215 G1 240 245 250 G1 G2 G3 G4 Laptop  Adapter Charger,50.00,adapter,0
acer,Acer UM08B71 UM08B72 UM08B73 UM08B74 UM08B75 UM-2008A Laptop Battery,78.00,battery,4
no brand,Emachine Gateway LT10 LT1001J LT1004U LT20 LT2000 EM250 Laptop Battery,78.00,battery,1
acer,Acer UM08A72 UM08A74 UM08B31 UM08B32 UM08B51 UM08B52 Laptop Battery,78.00,battery,2
acer,"Acer Aspire One AOA110 AOA110L AOA110X KAV10 8.9"" 10.1 Laptop Battery",78.00,battery,2
acer,Acer Aspire One D150 A150 A150L A150X AOA150 AOD150 Laptop Battery,78.00,battery,2
acer,Acer Aspire One 531 531h AOP531H P531H A110 A110L A110X Laptop Battery,78.00,battery,2
acer,Acer 934T2780F UM08A32 UM08A41 UM08A51 UM08A52 UM08A71 Laptop Battery,78.00,battery,3
acer,Acer UM08A31 UM08A73 UM-2008B UM-2008BW UM-2008AW Laptop Battery,78.00,battery,0
acer,Acer Aspire One D250 AOD250 AOD250 D210 571 AO571h ZG5 Laptop Battery,78.00,battery,2
acer,ACER Aspire One D257E D260 D260-N51B/SF D260E D270 Laptop Battery,75.00,battery,3
hp compaq,HP Compaq CQ45 Series Laptop Keyboard,35.00,keyboard,0
acer,ACER Aspire One P0VE6 PAV70 POVE6 ZE6 ZE7 522 722 Laptop Battery,75.00,battery,1
acer,ACER Aspire One Happy 2 Happy2 N558 NAV70 E100 Laptop Battery,75.00,battery,4
acer,Acer Aspire One AO522 AO532h AO722 AOD255 AOD255E Laptop Battery,75.00,battery,4
acer,ACER Aspire One AOD257 AOD260 AOE100 D255 D255E D257 Laptop Battery,75.00,battery,5
no brand,Gateway LT23 LT25 LT27 LT28 LT40  Laptop Battery,75.00,battery,2
acer,ACER Aspire One AL10A31 AL10B31 AL10BW AL10G31 ICR17/65 Laptop Battery,75.00,battery,3
dell,Dell Inspiron 14 3420 14R 5420 7420 N4040 Laptop Keyboard,28.00,keyboard,16
dell,Dell Inspiron 14 3420 P22G M411R P33G P20G M541R Laptop Keyboard,28.00,keyboard,7
dell,Dell Vostro 1440 V1440 V2420 3460 V3460 V1450 Laptop Keyboard,28.00,keyboard,4
dell,DELL Vostro 2520 3350 3450 V3450 3550 V3550 3555 Laptop Keyboard,28.00,keyboard,5
dell,Dell Vostro 1540 1550 V1540 V1550 3560 V3560 V131 Laptop Keyboard,28.00,keyboard,3
dell,DELL Inspiron 14z N411Z 13Z N311z Laptop Keyboard,28.00,keyboard,6
dell,Dell Inspiron 15R 5520 7520 Laptop Keyboard,28.00,keyboard,4
dell,Dell Inspiron 15 3520 N5040 N5050 M5050 M5040 Laptop Keyboard,28.00,keyboard,7
dell,DELL INSPIRON 14R N4110 M4040 N4050 M4110 Laptop Keyboard,28.00,keyboard,2
hp compaq,HP Compaq CQ20 CQ20-100 CQ20-200 CQ20-300 2230S Laptop Keyboard,42.00,keyboard,4
acer,Acer Aspire ES1-711G ES1-531 ES1-512 ES1-731 Laptop Keyboard,35.00,keyboard,2
no brand,Samsung NB20 NB30 N151 N158 N150 N148P N148P N130 Laptop Keyboard,35.00,keyboard,0
no brand,Samsung NB20 NB30 N151 N158 N150 N148P N148P N130 Laptop Keyboard,35.00,keyboard,0
acer,Acer Aspire E1-531 E1-571 V3-731 V3-771 V3-771G  Laptop Battery,65.00,battery,5
no brand,Emachines E529 E642 E644 E644G E729Z E730 E732 MS2305 Laptop Battery,65.00,battery,0
acer,Acer Aspire 5350 5551 5551G 5552 5552G 5560 5560G 5733 Laptop Battery,65.00,battery,3
acer,Acer Aspire V3-471 V3-471G V3-551 V3-551G V3-571 Laptop Battery,65.00,battery,2
acer,Acer AS09A31 AS09A41 AS09A51 AS09A56 AS09A61 AS09A70 Laptop Battery,78.00,battery,0
acer,Acer Travelmate 8572 8572G 8572T 8572TG 8572Z Laptop Battery,65.00,battery,1
acer,Acer Aspire 5749ZG 7251 7551 7551G 7551Z 7551ZG 7552G  Laptop Battery,65.00,battery,1
acer,Acer Aspire 7560 7560G 7750 7750G 7750Z 7750ZG 7751 Laptop Battery,65.00,battery,3
no brand,Packard Bell EasyNote TJ65 TJ66 TJ67 TJ68 TJ77 Laptop Battery,78.00,battery,2
acer,Acer AS10D61 AS10D71 AS10D73 AS10D75 AS10D7E AS10D81 Laptop Battery,65.00,battery,3
acer,Acer Aspire E1-421 E1-431 E1-451G E1-471 E1-471G Laptop Battery,65.00,battery,3
acer,Acer ASO9A56 ASO9A61 ASO9A71 ASO9A73 ASO9A75 ASO9A90 Laptop Battery,78.00,battery,1
acer,Acer Aspire V3-571G AS5250 4752ZG Laptop Battery,65.00,battery,4
acer,Acer Travelmate 5735 5735Z 5735ZG 5740 5740G 5740Z Laptop Battery,65.00,battery,2
acer,Acer Aspire 5733Z 5755 5755G 5755Z 5755ZG AS5741 Laptop Battery,65.00,battery,2
acer,Acer Travelmate 4750 4750G 4750GZ 4750Z 5344 5744 Laptop Battery,65.00,battery,8
acer,Acer Aspire 4332 4332Z 4732 4732Z 4732ZG 5532 5532Z Laptop Battery,78.00,battery,1
acer,Acer Aspire 5750Z 5750ZG 7741 7741G 7741Z 7741ZG Laptop Battery,65.00,battery,5
acer,Acer Aspire 5740ZG 7340 7750Z 7750ZG AS4250 Laptop Battery,65.00,battery,2
acer,Acer Aspire 6595T 6595TG 5760ZG 5760Z 5744G 5744Z Laptop Battery,65.00,battery,6
acer,Acer Travelmate 7740 7740G 7740Z 7740ZG 7750 7750G Laptop Battery,65.00,battery,3
acer,Acer Aspire 5732 5732G 5732Z 5732ZG 7315 7715G Laptop Battery,78.00,battery,1
no brand,eMachines E727 G725 G627 G630 KAWG0 KAWGO MS2274 Laptop Battery,78.00,battery,0
acer,Acer Travelmate TM5740 TM5740G TM5740Z TM5740ZG Laptop Battery,65.00,battery,2
acer,Acer Travelmate 5344 5744 5744G 5744Z 5760 5760G Laptop Battery,65.00,battery,1
acer,Acer Aspire 4250 4250G 4250Z 4253 4253G 4333 4339 4349 Laptop Battery,65.00,battery,3
acer,Acer TravelMate 6495 6495G 6495T 6495TG 6595 6595G Laptop Battery,65.00,battery,3
acer,Acer Aspire 4750 4750G 4750Z 4750ZG 4752G 4752Z Laptop Battery,65.00,battery,3
acer,Acer Aspire 4755ZG 4771 4771G 4771Z 5750 5750G 5750TG Laptop Battery,65.00,battery,1
acer,Acer Travelmate 8573 8573G 8573T 8573TG P243 P243-M Laptop Battery,65.00,battery,3
acer,Acer Aspire 4251 4251G 4251Z 4252 4252G 4252Z Laptop Battery,65.00,battery,0
acer,Acer AS09A71 AS09A73 AS09A75 AS09A90 ASO9A31 ASO9A41 Laptop Battery,78.00,battery,2
acer,Acer Aspire 4349Z 4551 4551G 4551P 4552 4552G 4560 Laptop Battery,65.00,battery,3
no brand,Packard Bell EasyNote TJ61 TJ62 TJ63 TJ64 TJ76 Laptop Battery,78.00,battery,3
acer,Acer Aspire 5250 5251 5252 5253 5253G 5333 5336 5349 Laptop Battery,65.00,battery,3
acer,Acer Aspire 5742 5742G 5742Z 5742ZG 5749 5749G 5749Z Laptop Battery,65.00,battery,1
acer,Acer Travelmate 5340 5340G 5742 5742G 5742Z 5742ZG Laptop Battery,65.00,battery,0
acer,Acer Travelmate 8472 8742G 8472T 8472TG 8472Z TM5742 Laptop Battery,65.00,battery,3
acer,Acer Aspire AS7741 7560 7560G  7751G E1-521 5542 5542G Laptop Battery,65.00,battery,3
acer,Acer Aspire 4741G 4741Z 4741ZG 4352 4352G 4755 4755G Laptop Battery,65.00,battery,9
acer,Acer Aspire 5736G 5736Z 5736ZG 5741 5741G 5741Z 5741ZG Laptop Battery,65.00,battery,5
acer,Acer AS10D AS10D31 AS10D3E AS10D41 AS10D51 AS10D5E Laptop Battery,65.00,battery,5
acer,Acer Aspire 4560G 4733G 4733Z 4733ZG 4738 4738G 4738Z Laptop Battery,65.00,battery,5
no brand,eMachines D525 D725 E525 E527 E625 E627 E630 E725 Laptop Battery,78.00,battery,3
acer,Acer Aspire 4738ZG 4743G 4350 4350G 4739 4739Z 4741 Laptop Battery,65.00,battery,5
acer,Acer AS10G31 AS10G3E BTP-DSBM BTP-DTBM AS10D56 Laptop Battery,65.00,battery,2
acer,Acer Travelmate 4370 4740 4740G 4740Z 4740ZG 5335 Laptop Battery,65.00,battery,2
acer,Acer Aspire 4743 4743G 4743Z 4743ZG 4749 4749Z AS5253 Laptop Battery,65.00,battery,6
acer,Acer Aspire 4240 4310 4310G 4310Z 4310ZG 4312 4314 Laptop Battery,65.00,battery,2
acer,Acer Aspire 4930ZG 4935 4935G 4935Z 4937 4937G 5236 Laptop Battery,65.00,battery,1
acer,Acer Aspire 4530G 4530Z 4535 4535G 4540 4540G 4540Z Laptop Battery,65.00,battery,1
acer,Acer AS07A31 AS07A32 AS07A41 AS07A42 AS07A51 AS07A52 Laptop Battery,65.00,battery,0
acer,Acer AS07A71 AS07A72 AS07A75 AS2007A AS4720Z AS5740 Laptop Battery,65.00,battery,3
acer,Acer Aspire 2930 2930G 2930Z 4220 4230 4230G 4235 Laptop Battery,65.00,battery,4
acer,Acer Aspire 5338 5340 5535 5535G 5535Z 5536 5536G Laptop Battery,65.00,battery,3
acer,Acer Aspire 4314WXMI 4315 4315G 4315Z 4320 4320G 4330 Laptop Battery,65.00,battery,2
acer,Acer Aspire 4710 4710G 4710Z 4710ZG 4715 4715G 4715Z Laptop Battery,65.00,battery,1
acer,Acer Aspire 5735G 5735Z 5735ZG 5737 5737G 5737Z Laptop Battery,65.00,battery,0
acer,Acer Aspire 5738PZG 5738Z 5738ZG 5740 5740D 5740DG 5740G Laptop Batter,65.00,laptop,6
acer,Acer Aspire 4736 4736G 4736Z 4736ZG 4740 4740G 4740Z Laptop Battery,65.00,battery,1
acer,Acer Aspire 4920 4920G 4920Z 4925G 4930 4930G 4930Z Laptop Battery,65.00,battery,3
acer,Acer Aspire 4730 4730G 4730Z 4730ZG 4735Z 4735ZG Laptop Battery,65.00,battery,2
acer,Acer Aspire 5536Z 5541 5541G 5542 5542G 5734Z 5735 Laptop Battery,65.00,battery,1
acer,Acer Aspire 5241 5242 5242G 5300 5335 5335G 5335Z Laptop Battery,65.00,battery,0
acer,Acer Aspire 4715ZG 4715ZNWXMI 4720 4720G 4720Z 4720ZG Laptop Battery,65.00,battery,3
acer,Acer Aspire JAL90 JAT10 Laptop MS2219 MS2220 Z01 Z03 Laptop Battery,65.00,battery,3
acer,Acer Aspire 4330Z 4332 4336 4520 4520G 4520Z 4530 Laptop Battery,65.00,battery,5
acer,Acer Aspire 5737ZG 5738 5738DG 5738DZG 5738G 5738PG Laptop Battery,65.00,battery,1
acer,Acer Aspire E1-430 E1-430G E1-430P E1-432 E1-410G Laptop Keyboard,28.00,keyboard,7
acer,Acer Aspire V3-431 V3-431G V3-471 V3-471G E1-410 Laptop Keyboard,28.00,keyboard,6
acer,Acer Aspire TimelineX 3830 3830G 3830T 3830TG Laptop Keyboard,28.00,keyboard,3
acer,Acer Aspire E5-471 E5-471G E5-471P E5-471PG E1-422G  Laptop Keyboard,28.00,keyboard,2
acer,Acer Aspire E5-411 E5-411G E5-421 E5-421G E1-422 Laptop Keyboard,28.00,keyboard,4
acer,Acer Aspire E1-420 E1-472 E1-472G E1-432G es1-431 Laptop Keyboard,28.00,keyboard,7
acer,Acer Aspire TimelineX 4830 4830G 4830Z 4830T 4830TG Laptop Keyboard,28.00,keyboard,4
hp,HP ProBook 440 G4 Laptop,2898.00,laptop,12
hp,"HP 14-bs577/580/581TU 14Ë Laptop TA ( I3-6006u, 4GB, 1TB, Intel, ",1799.00,laptop,18
asus,Asus  K73SM K73SV K73T K73TA K73TK X53U X53Z X54X  Laptop Keyboard,30.00,keyboard,2
lenovo,Lenovo Flex 10 14 14D 15 15D Flex 2-14 2-15 Laptop Adapter Charger,45.00,adapter,4
lenovo,Lenovo S440 s440 S500 S510p S531 T431S T431s Laptop Adapter Charger,45.00,adapter,4
lenovo,Lenovo B40 B40-70 B50 B50-45 B50-70  Laptop Adapter Charger,45.00,adapter,3
asus,Asus X53B X53BE X53BR X53BY X53S X53SA X53SC X53SD Laptop Keyboard,30.00,keyboard,2
asus,Asus X53SK X53SM X53SR X53SV X53T X53TA X53TK  Laptop Keyboard,30.00,keyboard,1
asus,Asus K73B K73BR K73BY K73S K73SD X53SE K73SJ Laptop Keyboard,30.00,keyboard,5
asus,Asus X54C X54F X54L X53SG X53SJ X73B X73BR X73BY Laptop Keyboard,30.00,keyboard,2
lenovo,Lenovo X1 x240 X240s X250 G700 L440 L450 L540 Laptop Adapter Charger,45.00,adapter,6
asus,Asus A53T A53TA A53TK A53U K53T K53TA X54LB X54LY Laptop Keyboard,30.00,keyboard,2
lenovo,Lenovo Ideapad Yoga 11 11s 11e 13 Yoga 2 Pro Laptop Adapter Charger,45.00,adapter,5
asus,Asus K53B K53BE K53BR K53BY  K53TK K53U K53X K53Z Laptop Keyboard,30.00,keyboard,7
lenovo,Lenovo N20 N20P N40 N50 S3 s3 S5 S210 S215 S431 Laptop Adapter Charger,45.00,adapter,0
lenovo,Lenovo G50 G50-45 G50-70 G50-70M G50-80 G50-30 Laptop Adapter Charger,45.00,adapter,11
asus,Asus EEE PC EEEPC 19V 2.1A 40W 2.5mm x 0.7mm Laptop Adapter Charger,38.00,adapter,4
toshiba,Toshiba Satellite A300 A305 A350 L305 L310 L300D L200 Laptop Keyboard,32.00,keyboard,2
toshiba,Toshiba Satellite A200 A205 A210 A215 M200 M205 M300 L200 Laptop Keybo..,32.00,laptop,1
toshiba,Toshiba Satellite A200 A205 A210 A215 M200 M205 M300 Laptop Keyboard,32.00,keyboard,4
toshiba,Toshiba Satellite L205 L300 L510 L511 L512 L515 L517 L522 Laptop Keybo..,32.00,laptop,3
dell,Dell Inspiron XPS 15 15R L502 L502X Laptop Keyboard,28.00,keyboard,6
asus,ASUS TP301U TP301UA TP301UJ Laptop Adapter Charger,70.00,adapter,4
asus,Asus T300 CHI T300CHI-F1-DB T300CHI-DSM2T-CA Laptop Adapter Charger,75.00,adapter,2
asus,Asus X42j K42j i3 2.13 ghz 500GB 4GB ATI Radeon Notebook Laptop Rm790,790.00,laptop,38
hp,Hp Mini 311 DM1 DM1-1119TU 1000 2000 PT06 Laptop Battery,79.00,battery,14
hp,Hp CQ40 CQ45 DV4 DV6 CQ61 DV5 CQ41 EV06 Laptop Battery,79.00,battery,8
hp,Hp CQ35 DV3 T CQ36 HSTNN-C54C LB93 RT06 Laptop Battery,79.00,battery,10
hp,Hp 240 G2 CQ15 CQ14 TPN-F113 OA04 Laptop Battery,89.00,battery,10
hp compaq,Hp Compaq 421 420 CQ326 CQ321 CQ325 4320S Laptop Battery,89.00,battery,9
hp,Hp ProBook 430 G2 G1 RA04 H6L28ET Laptop Battery,109.00,battery,18
acer,"Acer Predator Triton 700 PT715-51-74MY 15.6"" IPS FHD Gaming Laptop (i7",13999.00,laptop,26
acer,"Acer Predator Triton 700 PT715-51-775U 15.6"" IPS FHD Gaming Laptop (i7",9999.00,laptop,22
acer,Acer 5516 5517 5332 5334 5241 5532 Laptop Keyboard,47.00,keyboard,5
lenovo,LENOVO IdeaPad S500C S500T Z501 Z510 Z501A Laptop Keyboard,44.00,keyboard,5
lenovo,LENOVO IdeaPad FLEX 15 15D G500S G505S S510P Laptop Keyboard,44.00,keyboard,2
acer,Acer 5534 5541 5732 5734 7315 7715 Laptop Keyboard,47.00,keyboard,8
lenovo,"Lenovo Legion Y520-15IKB 80WK014CMJ 15.6"" FHD Gaming Laptop (i7-7700HQ",3491.00,laptop,64
lenovo,"Lenovo Legion Y520-15IKB 80WK0129MJ 15.6"" FHD Gaming Laptop (i5-7300HQ",3052.50,laptop,51
hp compaq,HP Compaq 510 530 HSTNN-IB45 Laptop Battery,79.00,battery,8
hp,HP ProBook 5220M HSTNN-CB1P HSTNN-CB1Q Laptop Battery,109.00,battery,8
hp,HP 500 520 HSTNN-IB39 FB39 Laptop Battery,89.00,battery,9
hp,HP CQ515 516 511 6820S 6530S HSTNN-DB51/OB51 Laptop Battery,79.00,battery,9
hp,HP 2530P 2540P 2510P NC2400 NC2410 Laptop Battery,89.00,battery,10
hp compaq,HP Compaq Presario B1200 B1216 2210 2210B B1000 OB53 Laptop Battery,89.00,battery,10
hp,HP EliteBook 8460P 8560P 6460B 6560B 8460W CC06 Laptop Battery,95.00,battery,11
toshiba,Toshiba L555 L555D L600 L630 L635 L640 Laptop Adapter Charger,38.00,adapter,8
toshiba,Toshiba L845 L845D L850 L850D L855 L855D Laptop Adapter Charger,38.00,adapter,9
toshiba,Toshiba M645 M800 M801 M802 M803 M805 M806 M807 Laptop Adapter Charger,38.00,adapter,5
toshiba,Toshiba E100 E105 E200 E205 E206 E300 E305 Laptop Adapter Charger,38.00,adapter,1
toshiba,Toshiba M40 M40X M50 M55 M60 M65 M70 M105 M115 Laptop Adapter Charger,38.00,adapter,5
toshiba,Toshiba M325 M326 M327 M328 M332 M336 M338 M339 Laptop Adapter Charger,38.00,adapter,4
toshiba,Toshiba L450 L450D L455 L455D L500 L500D Laptop Adapter Charger,38.00,adapter,2
toshiba,Toshiba A355 A355D A500 A500D A505 A505D Laptop Adapter Charger,38.00,adapter,0
toshiba,Toshiba L670 L670D L675 L675D L700 L730 Laptop Adapter Charger,38.00,adapter,2
toshiba,Toshiba T115 T115D T130 T130D T135 T135D Laptop Adapter Charger,38.00,adapter,4
toshiba,Toshiba A300 A300D A305 A305D A350 A350D Laptop Adapter Charger,38.00,adapter,5
toshiba,Toshiba L870 L870D L875 L875D M8 M30X M35X Laptop Adapter Charger,38.00,adapter,3
toshiba,Toshiba C645 C645D C650 C650D C655 C655D Laptop Adapter Charger,38.00,adapter,3
toshiba,Toshiba M306 M307 M308 M310 M311 M321 M323 Laptop Adapter Charger,38.00,adapter,3
toshiba,Toshiba C855 C855D C870 C870D C875 C875D Laptop Adapter Charger,38.00,adapter,3
toshiba,Toshiba L332 L350 L350D L355 L355D L401 L402 Laptop Adapter Charger,38.00,adapter,0
toshiba,Toshiba P500 P505 P505D P740 P740D P745 P745D Laptop Adapter Charger,38.00,adapter,2
toshiba,Toshiba A60 A65 A70 A75 A80 A85 A100 A105 Laptop Adapter Charger,38.00,adapter,1
toshiba,Toshiba T210 T210D T215D U300 U305 U400 U400D Laptop Adapter Charger,38.00,adapter,3
toshiba,Toshiba L40 L45 L100 L300 L300D L305 L305D Laptop Adapter Charger,38.00,adapter,4
toshiba,Toshiba L735 L735D L740 L740D L745 L745D Laptop Adapter Charger,38.00,adapter,2
dell,Dell mini 10 Inspiron Mini 1012 1018 1014 Laptop Keyboard,41.00,keyboard,9
toshiba,Toshiba L750 L750D L755 L755D L770 L770D Laptop Adapter Charger,38.00,adapter,1
toshiba,Toshiba L310 L311  L312 L315 L317 L322 L323  Laptop Adapter Charger,38.00,adapter,0
toshiba,Toshiba F45 F60 L2 L10 L15 L20 L25 L30 L35 Laptop Adapter Charger,38.00,adapter,0
toshiba,Toshiba L775 L775D L830 L835 L840 L840D Laptop Adapter Charger,38.00,adapter,3
no brand,Toshib NB305 NB500 NB505 NB510 NB520 P100 Laptop Adapter Charger,38.00,adapter,1
toshiba,Toshiba A660 A665 A665D C600 C605 C640 C640D Laptop Adapter Charger,38.00,adapter,2
toshiba,Toshiba M808 M810 M820 M821 M822 M823 M825 M840 Laptop Adapter Charger,38.00,adapter,3
toshiba,Toshiba C660 C660D C665 C665D C670 C670D Laptop Adapter Charger,38.00,adapter,5
toshiba,Toshiba C675 C675D C840 C845 C845D C850 C850D Laptop Adapter Charger,38.00,adapter,2
no brand,Toshib L505 L505D L510 L515 L550 L550D Laptop Adapter Charger,38.00,adapter,4
toshiba,Toshiba L645 L645D L650 L650D L655 L655D Laptop Adapter Charger,38.00,adapter,2
toshiba,Toshiba A110 A130 A135 A200 A205 A210 A215 Laptop Adapter Charger,38.00,adapter,4
asus,Asus VivoBook Max X541 X541LA X541LJ x541SA X541SC Laptop Keyboard,99.00,keyboard,3
asus,ASUS A42 A43 K42 K43 X42 X43 Laptop Keyboard,29.00,keyboard,18
no brand,Samsung NP355E4V NP350V4C NP355V4C Laptop Keyboard,60.00,keyboard,4
no brand,**incendeo** - SONY VAIO PictureBook Laptop PCG-C1XS,249.00,laptop,10
lenovo,Lenovo S300 S300A S400 S405 S400U S400T S415 Laptop Keyboard,49.00,keyboard,5
dell,Dell Vostro 1310 1520 1320 1510 K738H T114C Laptop Battery,89.00,battery,12
dell,Dell Vostro A860 1410 1014 1015 1088 A840 F287H PP38L Laptop Battery,79.00,battery,10
dell,Dell XPS 14 15 L502X L702X L401X L501X L701X JWPHF Laptop Battery,89.00,battery,11
dell,Dell Studio 1745 1747 1749 N855P U164P Laptop Battery,109.00,battery,9
dell,Dell XPS M1530 TK330 RU033 RN894 GP975 PP28L Laptop Battery,89.00,battery,10
dell,Dell M1340 Studio XPS 1340 PP17S 13 Laptop Battery,89.00,battery,10
asus,Asus X450 X450ca X450V X451C X451M X451MAV Laptop Adapter Charger,38.00,adapter,0
no brand,GATEWAY Z06 Z07 NV40 NV44 NV4400 Laptop Keyboard,40.00,keyboard,2
asus,Asus K501 k501 k501ij P50IJ P50ij P550C Laptop Adapter Charger,38.00,adapter,5
asus,Asus X45 X52F X52J X53Z X80A X81 X85A X402 Laptop  Adapter Charger,38.00,adapter,0
hp,HP Pavillion G4-2000 2100 2108AX 2200 2300 LAPTOP Keyboard,50.00,keyboard,4
lenovo,Lenovo IdeaPad Flex 14 Flex 14D Z410 Laptop Keyboard,30.00,keyboard,4
asus,Asus K451L K451LA K451LB K451LN F402 F402C S451LN Laptop Keyboard,34.00,keyboard,5
asus,Asus R408 R408C R408CA S451 S451L S451LA S451LB Laptop Keyboard,34.00,keyboard,1
lenovo,Lenovo G400SA G400S G400AT G400AM G405S G410S Laptop Keyboard,30.00,keyboard,5
asus,Asus F402CA X402 X402C X402CA S400 S400C S400CA Laptop Keyboard,34.00,keyboard,6
asus,Asus S550  S550CA S550CB S550CM Laptop Keyboard,68.00,keyboard,6
asus,Asus A56 A56C A56CA A56CB A56CM A56E Laptop Keyboard,49.00,keyboard,3
asus,Asus A53SC A53SD A53SK A53SM A53SV A53Z A54 Laptop Keyboard,30.00,keyboard,2
asus,Asus A54C A54H A54HO A54HR A54HY A54L A54LY Laptop Keyboard,30.00,keyboard,1
asus,Asus A72 A72D A72DR A72DY A72F A72J A72JK A72JR Laptop Keyboard,30.00,keyboard,2
asus,Asus N53SV N60 N61 N61J N61V N61W N70 N70SV N71 Laptop Keyboard,30.00,keyboard,3
asus,Asus A52JU A52JV A52N A53 A53B A53BE A53BR Laptop Keyboard,30.00,keyboard,7
asus,Asus A73 A73B A73BE A73BR A73BY A73E A73S A73SD Laptop Keyboard,30.00,keyboard,1
asus,Asus X53E X54H X61 X61Q X61S X61Z X75A X75SV X75U Laptop Keyboard,30.00,keyboard,2
asus,Asus F5OZ F50 F50Q F50S F50SF F50SL F50Z F70SL Laptop Keyboard,30.00,keyboard,3
asus,Asus A52J A52JA A52JB A52JC A52JK A52JR A52JT Laptop Keyboard,30.00,keyboard,3
asus,Asus G51 G53 G53SX G60 G73 K52 K52D K52DE K52F Laptop Keyboard,30.00,keyboard,3
asus,Asus UL50VF UL50Vg UL50VS UL50VT UX50 UX50v X52 Laptop Keyboard,30.00,keyboard,7
asus,Asus N50 N50V N51 N52 N53 N53J N53JN N53S N53SN Laptop Keyboard,30.00,keyboard,2
asus,Asus A73SJ A73SM A73SV A73SW A73T A73TA A73TK Laptop Keyboard,30.00,keyboard,0
asus,Asus A53JE A53JH A53JQ A53JR A53JT A53JU A53S Laptop Keyboard,30.00,keyboard,5
asus,Asus K72D K72DR K72DY K72F K73 K73E X54HR X54HY Laptop Keyboard,30.00,keyboard,4
asus,Asus A53BY A53E A53F A53J A53JA A53JB A53JC Laptop Keyboard,30.00,keyboard,4
asus,Asus A53SJ A52 A52B A52D A52DE A52Dr A52DY A52F Laptop Keyboard,30.00,keyboard,3
asus,Asus A52 B53 B53E B53F B53J B53S X75V X75VD Laptop Keyboard,30.00,keyboard,1
asus,Asus K52J K52JE K52JK K52JR K52JT K52JU K52JV Laptop Keyboard,30.00,keyboard,0
asus,Asus K52N K53BY K53E N73 K53S X54H X54HB X54K X61SL Laptop Keyboard,30.00,keyboard,0
asus,Asus U50 U50A UL50 UL50A UL50Ag UL50AT UL50V Laptop Keyboard,30.00,keyboard,4
asus,ASUS Vivobook R202CA A31LMH2 A31LM9H F200CA X200CA Laptop Battery,106.00,battery,135
asus,ASUS Vivobook A3INI302 X200MA X200CA X200M A31N1302 Laptop Battery,106.00,battery,292
asus,ASUS N75SJ N75SL N45E N45SL N75SN N45J N75SV N45JC Laptop Battery,76.00,battery,67
asus,ASUS N55E N45SN N45 N45SF N75E N55 N75S N75 Laptop Battery,76.00,battery,170
asus,ASUS N55SL N55SF N55S N45F N75 N75SF N45SJ N45S Laptop Battery,76.00,battery,286
dell,DELL Vostro V3400 3400 3500 3700 V3500 V3700 Laptop Battery,63.00,battery,208
dell,DELL Inspiron VH748 14ZD 14 3526 3528 14Z 5439 3528T Laptop Battery,147.00,battery,151
acer,Acer Aspire V5-431 V5-431P V5-471 V5-471G V5-471P Laptop Keyboard,25.00,keyboard,15
dell,Dell XPS M1330 M1350 Inspiron 1318 PP25L Laptop Battery,89.00,battery,13
dell,Dell XPS M1210 NF343 HF674 CG036 Laptop Battery,89.00,battery,10
lenovo,Lenovo Ideapad 120s-11IAP 81A400ALMJ 11.6 inch Laptop Denim Blue ( N33,1009.00,laptop,33
dell,Dell Inspiron 15 7577-70116G-W10 15.6 inch FHD IPS Laptop Black (i7-77,6438.00,laptop,51
hp,"HP 14-bs077TX 14"" Laptop Black (i3-6006u, 4GB, 1TB, ATI 520 2GB, W10H ",1887.00,laptop,19
lenovo,"Lenovo Yoga 520-14IKB 80X8008NMJ 14"" FHD Touch Laptop Gold (i5-7200U, ",2830.50,laptop,44
acer,Acer TravelMate 5520 5320 7120 TM00741 GRAPE32 Laptop Battery,79.00,battery,13
dell,Dell Studio 1450 1457 1458 H830 P03G Laptop Battery,109.00,battery,11
dell,Dell Latitude E6220 E6230 E6120 E6320 E6330 E6430S Laptop Battery,119.00,battery,20
dell,Dell Latitude D820 D830 M65 YD626 D531 M4300 Laptop Battery,99.00,battery,9
acer,"Acer Aspire 5 A515-51G-87AJ 15.6"" IPS FHD Laptop Black (i7-8550u, 4GB,",3499.00,laptop,41
acer,"Acer Spin 5 SP513-52N-856T 13.3"" FHD Touch Laptop Steel Grey (i7-8550U",4285.00,laptop,17
asus,Asus A56CM A56E A56V E46C E46CA E46CB E46CM E56 Laptop Battery,78.00,battery,2
asus,Asus P451 P451C P451CA P551 P551C P551CA R411C R411CA Laptop Battery,78.00,battery,5
asus,Asus X551MA X451 X451C X451CA X451MA X451MAV Laptop Battery,78.00,battery,5
asus,Asus A46CB A46CM A46E A46SV A46V A56 A56C A56CA A56CB Laptop Battery,78.00,battery,2
asus,Asus S50 S505 S505C S505CA S505CM S50C S56 S56C S56CA Laptop Battery,78.00,battery,2
asus,Asus R405 R405C R405CA R405CB R405CM R405V R505 R505C Laptop Battery,78.00,battery,4
asus,Asus X551 X551C X551CA X551C-SX014H X551M X551MAV Laptop Battery,78.00,battery,2
asus,Asus S56CM U48 U48C U48CA U48CB U48CM U58  U58C Laptop Battery,78.00,battery,3
asus,Asus R550CM S40 S405 S405C S405CA S405CM S40C Laptop Battery,78.00,battery,5
asus,Asus S40CA S40CB S40CM S46 S46C S46CA S46CB S46CM Laptop Battery,78.00,battery,6
asus,Asus E56C E56CB E56CM K46 K46C K46CA K46CM K56 K56C Laptop Battery,78.00,battery,10
asus,Asus VivoBook S550 S550C S550CA S550CM Laptop Battery,78.00,battery,8
asus,Asus A551C A551CA D450C D450CA D550C D550CA D550M Laptop Battery,78.00,battery,5
asus,Asus U58CA U58CB U58CM V550 V550C V550CA V550CM Laptop Battery,78.00,battery,5
asus,Asus N46 N46V N46VJ N46VM N46VZ Laptop Battery,78.00,battery,3
asus,Asus R505CA R505CB R505CM R550 R550C R550CA R550CB Laptop Battery,78.00,battery,3
asus,Asus A31-N56 A32-N56 A33-N56 Laptop Battery,78.00,battery,3
asus,Asus K56CA K56CB K56CM P46 P46C P46CA P46CB P46CM P46V Laptop Battery,78.00,battery,6
asus,Asus D550MA D551 D551C D551CA F451 F451C F451CA Laptop Battery,78.00,battery,12
asus,Asus A31LJ91 A31N1319 A41N1308 X45LI9C Laptop Battery,78.00,battery,7
asus,Asus F551 F551C F551CA F551CM F551M F551MA F551MAV Laptop Battery,78.00,battery,3
asus,Asus R512C R512CA R512MAV-SX345H R515MA Laptop Battery,78.00,battery,9
asus,Asus N56D N56DP N56V N56VJ N56VM N56VZ Laptop Battery,78.00,battery,1
asus,Asus N76 N76V N76VJ N76VM N76VZ Laptop Battery,78.00,battery,2
asus,Asus A31-K56 A32-K56 A41-K56 A42-K56 A46 A46C A46CA Laptop Battery,78.00,battery,5
asus,Asus S56 S56C S56CA S56CM Laptop Keyboard,49.00,keyboard,1
acer,Acer Aspire E1-732 E1-732G E1-772 E1-772G Laptop Keyboard,26.00,keyboard,13
asus,Asus EeePC 1015PW 1015PX 1015PXD 1015S 1015SPED 1015T Laptop Keyboard,55.00,keyboard,2
asus,Asus EeePC 1015P 1015PD 1015PDG 1015PDT 1015PDX 1015PE Laptop Keyboard,55.00,keyboard,1
asus,ASUS EeePC 1025 1025c 1025ce 1011BX 1011CX 1011PX Laptop Keyboard,55.00,keyboard,1
asus,Asus EeePC 1015PEB 1015PED 1015PEG 1015PEM 1015PN Laptop Keyboard,55.00,keyboard,1
no brand,NATSYS M1100 1Malaysia Netbook Laptop Keyboard,60.00,keyboard,8
asus,ASUS EeePC X101CH X101H 1015 1015B 1015BX 1015C 1015CX Laptop Keyboard,55.00,keyboard,1
asus,Asus EeePC R052C R052CE R061P R061PT 1016PEM 1016PG Laptop Keyboard,55.00,keyboard,1
asus,Asus EeePC 1015tx 1016 1016P 1016PE 1016PEB 1016PED Laptop Keyboard,55.00,keyboard,3
lenovo,Lenovo u31-35 u41-70 s41-75 s41-35 s41-70 Laptop Keyboard,99.00,keyboard,8
asus,Asus EeePC R051B R051BX R051CX R051E R051P R051PD Laptop Keyboard,55.00,keyboard,1
asus,Asus EeePC 1016PN 1016PT 1018TX R011CX R011PX R015PX Laptop Keyboard,55.00,keyboard,1
asus,Asus EeePC R051PED R051PEM R051PN R051PW R051PX R051T Laptop Keyboard,55.00,keyboard,0
dell,Dell Latitude 3480(S) Laptop (i5-6200U.4GB.1TB)(3480(S)-i5204G1T-W107),3318.86,laptop,119
dell,Dell Latitude E6410 Notebook laptop (USED),1060.00,laptop,2272
dell,Dell Latitude E6410 Notebook laptop (USED),1060.00,laptop,2334
acer,Acer Aspire V5-431 V5-431G V5-431P V5-431PG Laptop Charger Adapter,38.00,adapter,37
hp,HP Pavilion 14z 14-b000 b000ss b000sx b001au b039tu  Laptop Keyboard,64.00,keyboard,7
toshiba,Toshiba Satellite A500 A505 A505D Laptop Keyboard,49.00,keyboard,2
toshiba,Toshiba Satellite L755-S5357 L755-S5244 L755-S5246 Laptop Keyboard,39.00,keyboard,10
toshiba,Toshiba Satellite L500 L505 L500D L505D L515 Laptop Keyboard,49.00,keyboard,6
toshiba,Toshiba Satellite L755-S5350 L755-S5351 L755-S5353 Laptop Keyboard,39.00,keyboard,2
toshiba,Toshiba Satellite P500 P500D P505 P505D Laptop Keyboard,49.00,keyboard,3
toshiba,Toshiba Satellite P300 P300D P305 P305D Laptop Keyboard,49.00,keyboard,5
toshiba,Toshiba Satellite C675 L650 L650D C665 C660 C660D Laptop Keyboard,39.00,keyboard,1
toshiba,Toshiba Satellite L750 L750D L755 L755D L770 L770D Laptop Keyboard,39.00,keyboard,6
toshiba,Toshiba Satellite L670 C670 C670D L675 L675D Laptop Keyboard,39.00,keyboard,6
toshiba,Toshiba Satellite L655 L655D C655 C655D C650 C650D Laptop Keyboard,39.00,keyboard,1
toshiba,Toshiba Satellite L550 L550D L555 L555D Laptop Keyboard,49.00,keyboard,5
toshiba,Toshiba Satellite L830 L830D L835 L835D L840 L840D Laptop Keyboard,37.00,keyboard,5
toshiba,Toshiba Satellite P800 P800D P845 P845D P840 P840D Laptop Keyboard,37.00,keyboard,2
dell,DELL Inspiron 14V 14R N4010 N4020 N4030 N3010 M4010 Laptop Keyboard,32.00,keyboard,10
toshiba,Toshiba Satellite M800 M800D M801 M801D M805 M805D Laptop Keyboard,37.00,keyboard,1
toshiba,Toshiba Satellite L800 L800D L805 L805D L845 L845D Laptop Keyboard,37.00,keyboard,3
dell,DELL Inspiron MINI 10 1010 10V 1011 10Z Vostro 1011 Laptop Keyboard,48.00,keyboard,5
dell,DELL Inspiron 15R N5020 N5030 M5030 M5030D M5030R Laptop Keyboard,32.00,keyboard,7
toshiba,Toshiba Satellite C800 C800D C805 C805D C840 C840D Laptop Keyboard,37.00,keyboard,0
toshiba,Toshiba Satellite M840 M840D M845 M845D C845 C845D Laptop Keyboard,37.00,keyboard,3
dell,DELL Inspiron MINI 10 PP19S Laptop Keyboard,54.00,keyboard,4
toshiba,Toshiba Satellite L310 3Gb 160GB 14 Inch Laptop Notebook Rm480,480.00,laptop,94
acer,Acer Aspire 5410 5536 5542 5738 5739 5740 5739G 5740G Laptop Keyboard,26.00,keyboard,10
hp compaq,HP Compaq 14 TouchSmart 240 245 246 (G2 G3 Only) Laptop Keyboard,35.00,keyboard,8
acer,Acer Aspire 7540 7735 7741 5810T 5820 5536G 5738G Laptop Keyboard,26.00,keyboard,5
acer,Acer Aspire 5740 5742 5742G 5742Z 5810 5810T 5536 Laptop Keyboard,26.00,keyboard,9
acer,Acer TravelMate 2300 2310 4000 TM2300 TM2310 TM4000 Laptop Keyboard,20.00,keyboard,5
acer,Acer Aspire 5236 5338 5338G 5340 5342 5410T 5738Z Laptop Keyboard,26.00,keyboard,11
acer,Acer Aspire V5-122 V5-122P V5-132 V5-132P Laptop Keyboard,42.00,keyboard,16
acer,Acer Aspire 5741 5741G 5741Z 5741ZG 5252 5253 5552 Laptop Keyboard,26.00,keyboard,6
acer,Acer Aspire 5736 5736G 5736Z 5552G 5625 5553 5542G  Laptop Keyboard,26.00,keyboard,9
hp,HP Pavilion 14-D000 D019au D008TU d006tu d017au d002tx Laptop Keyboard,35.00,keyboard,11
acer,Acer Aspire 5333 5350 5536 5536G 5538 5538G 5560 5560G Laptop Keyboard,26.00,keyboard,15
acer,Acer Aspire V5-121 V5-123 V5-131 V5-171 Laptop Keyboard,42.00,keyboard,14
hp,HP Pavillion 14Z-N000 14Z-N100 14Z-N200 14-n075tx Laptop Keyboard,35.00,keyboard,5
acer,Acer Aspire One 14 Z1401 Z1402 Laptop Keyboard,79.00,keyboard,8
hp,HP Pavilion 14-D100 R000 r008tx R100 S000 S100 w000 Laptop Keyboard,35.00,keyboard,8
acer,Acer Aspire 5250 5251 5349 5820T 5820TG 7551 7551G Laptop Keyboard,26.00,keyboard,7
acer,Acer Aspire 5551 5551G 5553 5553G 5739G 5739 5738ZG  Laptop Keyboard,26.00,keyboard,5
acer,Acer Aspire 5342 5349 5350 5336 5410 5430 7735 7551 Laptop Keyboard,26.00,keyboard,3
acer,Acer Aspire 5810tz 5810PG 5750 5745 5740DG 5740D 5740Z Laptop Keyboard,26.00,keyboard,8
lenovo,Lenovo IdeaPad 100-14IBY 100 14iby Laptop Keyboard,68.00,keyboard,7
dell,Dell Inspiron 6400 15 Inch DVD Notebook Laptop Rm320,320.00,laptop,150
dell,Dell Latitude D600 D610 D500 D510 D530 D505 D520 6Y270 Laptop Battery,89.00,battery,14
dell,Dell Latitude E6420 E5420 E6430 6520 5520 8858X T54FJ Laptop Battery,119.00,battery,18
dell,"Dell Alienware CA17FHDi-771126G-W10 17.3"" FHD Laptop (i7-7700HQ, 16GB,",8999.00,laptop,37
dell,Dell Latitude D620 D630 PC764 M2300 JD648 KD492 PP18L Laptop Battery,79.00,battery,14
dell,Dell Inspiron D800 8600 8500 M60 Y0956 Laptop Battery,99.00,battery,7
dell,Dell Inspiron 1300 XD184 XD186 HD438 PP21L B120 B130 Laptop Battery ,89.00,battery,10
dell,Dell Inspiron 640M 630M E1405 M140 PP19L Laptop Battery,89.00,battery,9
acer,Acer Aspire V3-574 V3-574G V3-574G V3-574TG e5-573TG Laptop Keyboard,68.00,keyboard,12
dell,Dell Inspiron 1520 1720 530S 1521 1721 1700 Laptop Battery,89.00,battery,9
asus,Asus F75VC F75VD F75VD1 K45 K45A K45D K45DE K45DR K45N Laptop battery,78.00,battery,2
asus,Asus K55DE K55DR K55N K55V K55VD K55VJ K55VM K55VS Laptop battery,78.00,battery,2
asus,Asus A450LC A450V A450VB A450VC A450VE A550 A550C Laptop Battery,65.00,battery,9
asus,Asus P45A P45V P45VA P45VD P45VJ P55 P55A P55V P55VA Laptop battery,78.00,battery,3
asus,Asus R510V R510VB R510VC X450 X450C X450CA X450CC Laptop Battery,65.00,battery,2
asus,Asus R400VM R400VS R403A R403C R403U R403V R403VD Laptop battery,78.00,battery,3
asus,Asus A75V A75VD A75VJ A75VM A85 A85A A85D A85DE A85DR Laptop battery,78.00,battery,1
asus,Asus A45 A45A A45D A45DE A45DR A45N A45V A45VD A45VG Laptop battery,78.00,battery,1
asus,Asus R409L R409LA R409LB R409LC R409V R409VB R409VC Laptop Battery,65.00,battery,2
asus,Asus R500 R500A R500D R500DE R500DR R500N R500V R500VD Laptop battery,78.00,battery,2
asus,Asus N61VN N61W Pro62 Pro64 V50V VX5 X4G X4GJ X4GJF Laptop Battery,78.00,battery,3
asus,Asus A41-X550 A41-X550A X450CP X450E X450EA X450EP Laptop Battery,65.00,battery,17
asus,Asus P550 P550C P550C P550CC P550L P550LA P550LC R409 Laptop Battery,65.00,battery,4
asus,Asus K45V K45VD K45VG K45VJ K45VM K45VS K55 K55A K55D Laptop battery,78.00,battery,2
asus,Asus X450L X450LA X450LAV X450LB K450VE A550V A550VB Laptop Battery,65.00,battery,2
asus,Asus X64JA X64JQ X64JV X64V X4GJM N43JC N53TK Laptop Battery,78.00,battery,2
asus,Asus N43JR N43JV N43JW N43S N43SD N43SL N43SN N43SV Laptop Battery,78.00,battery,3
asus,Asus N43JE N43JF N43JG N43JK N43JL N43JM N43JN N43JQ Laptop Battery,78.00,battery,1
asus,Asus A85N A85V A85VD A85VJ A85VM A85VS F45 F45A F45C Laptop battery,78.00,battery,2
asus,Asus X550L X550LA X550LB X550LC X550V X550VB X550VC Laptop Battery,65.00,battery,4
asus,Asus A32-H36 A32-M50 A32-N61 A32-X64 A33-M50 Laptop Battery,78.00,battery,1
asus,Asus G51J1 G51J G51JX G51VX G60 G60J G60JX G60V G60VX Laptop Battery,78.00,battery,1
asus,Asus X4GJQ X4GS X4GSL X4GSM X4GSN X55Q X55S X55SA X55SR Laptop Battery,78.00,battery,1
asus,Asus Pro45V Pro45VA Pro45VJ Q500 Q500A R400 R400A Laptop battery,78.00,battery,2
asus,Asus F450 F450C F450CA F450CC F450L F450LA F450LB Laptop Battery,65.00,battery,3
asus,Asus F552C F552CL F552E F552EA F552EP F552V F552VL K450 Laptop Battery,65.00,battery,1
asus,Asus K75 K75A K75D K75DE K75V K75VD K75VJ K75VM P45 Laptop battery,78.00,battery,2
asus,Asus A45VJ A45VM A45VS A55 A55A A55D A55DE A55DR A55N Laptop battery,78.00,battery,3
asus,Asus R400D R400DE R400DR R400N R400V R400VD R400VG Laptop battery,78.00,battery,2
asus,Asus X55SV X57Q X57SA X57SR X57V X57VN X5MD X5MDA X5ME Laptop Battery,78.00,battery,1
asus,Asus X452C X452CP X452E X452EA X452EP X550 X550C Laptop Battery,65.00,battery,4
asus,Asus F55V F55VD F55VDR F75 F75A F75A1 F75V F75VB X75VD Laptop battery,78.00,battery,7
asus,Asus R503U R503V R503VD R503VDR R700 R700A R700D Laptop battery,78.00,battery,0
asus,Asus N53V N53X N61 N61J N61JA N61JQ N61JV N61VF N61VG Laptop Battery,78.00,battery,1
asus,Asus L50VC L50VM L50VN M50 M50Q M50S M50SA M50SR M50SV Laptop Battery,78.00,battery,0
asus,Asus R704V R704VB R704VC R704VD U57 U57A U57D U57DE Laptop battery,78.00,battery,0
asus,Asus A32-K55 A33-K55 A41-K55 A42-K55 X75VJ X75VM X75VC Laptop battery,78.00,battery,4
asus,Asus A55V A55VD A55VJ A55VM A55VS A75 A75A A75D A75DE Laptop battery,78.00,battery,2
asus,Asus F45U F45V F45VD F45VD1 F55 F55A F55C F55CR F55U Laptop battery,78.00,battery,2
asus,Asus U57DR U57N U57V U57VD U57VJ U57VM X45 X45A X45C Laptop battery,78.00,battery,6
asus,Asus R500VJ R500VM R500VS R503 R503A R503C R503CR Laptop battery,78.00,battery,1
asus,Asus F450LC F450V F450VB F450VC F450VE K450C K450CA Laptop Battery,65.00,battery,1
asus,Asus X5MSM X5MSN X5MSQ X5MSV X5MT X5MTA X5MV X64 X64J Laptop Battery,78.00,battery,0
asus,Asus A450 A450C A450CA A450CC A450L A450LA A450LB Laptop Battery,65.00,battery,0
asus,Asus X5MF X5MJ X5MJC X5MJE X5MJF X5MJG X5MS X5MSD X5MSL Laptop Battery,78.00,battery,2
asus,Asus P450 P450C P450CA P450CC P450L P450LA P450LB Laptop Battery,65.00,battery,1
asus,Asus K550LC K550VB K550VC P450LC P450V P450VB P450VC Laptop Battery,65.00,battery,0
asus,Asus N52JB N52JC N52JE N52JF N52JG N52JL N52JN N52JQ Laptop Battery,78.00,battery,2
asus,Asus X45U X45V X45VD X45VJ X55 X55A X55C X55CR X55U Laptop battery,78.00,battery,5
asus,Asus M50V M50VC M50VM M50VN M51E M60 M60J M60JV M60Q Laptop Battery,78.00,battery,1
asus,Asus N52JT N52JV N52S N52SN N52SV N52V N52VF N53 N53J Laptop Battery,78.00,battery,2
asus,Asus K450L K450LA K450LB K450LC K450V K450VB K450VC Laptop Battery,65.00,battery,0
asus,Asus N52 N52A N52D N52DA N52DC N52DR N52F N52J N52JA Laptop Battery,78.00,battery,1
asus,Asus M60V M60VP M60W N43 N43D N43DA N43E N43F N43J Laptop Battery,78.00,battery,1
asus,Asus N53JF N53JG N53JL N53JQ N53S N53SM N53SV N53TA Laptop Battery,78.00,battery,1
asus,Asus X450LC X450LD X450LN X450LNV X450V X450VB X450VC Laptop Battery,65.00,battery,6
asus,Asus B23E B33E B43 G50 G50E G50T G50V G50VT G51 G51J Laptop Battery,78.00,battery,1
asus,Asus R700DE R700V R700VD R700VJ R700VM R700VM R704A Laptop battery,78.00,battery,3
asus,Asus R510 R510C R510CA R510CC R510D R510DP R510E Laptop Battery,65.00,battery,2
asus,Asus X450VE X450VP X452 X550VL K450CC R510LC R510LB Laptop Battery,65.00,battery,3
asus,Asus A550CA A550CC A550L A550LA A550LB A550LC A550VC Laptop Battery,65.00,battery,11
asus,Asus X55V X55VD X55VJ X55VM X75 X75A X75V X75VB Laptop battery,78.00,battery,0
asus,Asus F550L F550LB F550LC F550V F550VB F550VC F552 Laptop Battery,65.00,battery,3
asus,Asus F550 F550C F550CA F550CC F550E F550EA F550L K550V Laptop Battery,65.00,battery,4
asus,Asus K550 K550C K550CA K550CC K550L K550LA K550LB Laptop Battery,65.00,battery,2
dell,Dell Inspiron 6000 9400 M170 Precision M90 Laptop Battery,149.00,battery,6
dell,Dell Inspiron 1210 Mini 12 C647H F707H Laptop Battery,149.00,battery,9
dell,Dell Inspiron 1370 1370N 13Z(P06S) MT3HJ 5Y43X Laptop Battery,129.00,battery,8
hp,Hp ProBook 4230s i5 2nd Gen 12 inch 500GB Laptop Notebook Rm890,890.00,laptop,469
hp,HP 215 G1 J9V03US Split 13 G110DX M010DX Laptop Adapter Charger,50.00,adapter,12
hp,HP Pavillion Envy Touchsmart 19V 3.33A 65W Laptop Adapter Charger,50.00,adapter,10
no brand,Samsung NP510R5E NP530U4B P208 P330 P430 P510 Laptop Adapter Charger,42.00,adapter,4
hp,HP ProBook 430 G4 430 440 450 455 470 (G3) Laptop Adapter Charger,50.00,adapter,34
hp,HP ENVY 14 K031TX 14K00TX M6-K025DX K022DX Laptop Adapter Charger,50.00,adapter,4
hp,HP CHROMEBOOK 14-Q032EA SPECTRE 13-3007SP Laptop Adapter Charger,50.00,adapter,10
hp,HP 15 R011DX R015DX R017DX R018DX F039WM F023WM Laptop Adapter Charger,50.00,adapter,8
hp,HP SPLIT 13-M115SG X2 E7F59EA F010DX M110DX Laptop Adapter Charger,50.00,adapter,8
hp,Hp 15 F011NR F133WM G070NR R052NR R029WM G027AU Laptop Adapter Charger,50.00,adapter,3
no brand,Samsung sens 630 640 650 670 680 690 710 Laptop Adapter Charger,42.00,adapter,5
hp,HP 15 F059WM G010DX F009WM AC015T 15AC015TU Laptop Adapter Charger,50.00,adapter,8
no brand,Samsung Sens 750 820 850 855 860 870 890 Laptop Adapter Charger,42.00,adapter,1
hp,HP Stream 11 13 14 15 11-D010W Laptop Adapter Charger,50.00,adapter,5
hp,HP ELITEBOOK 820 725 G2 840 745 (G2) 810 (G1) Laptop Adapter Charger,50.00,adapter,13
hp,HP 850 1040 G1 G2 G3 14 15 17 af106ax Laptop Adapter Charger,50.00,adapter,10
hp,HP 14 15 17 D017AU n059tx n269tx p241tx RT3290LE Laptop Adapter Charge..,50.00,adapter,16
no brand,Samsung 19V 4.74A 3.16A 5.5x3.0mm NP530U4E Laptop Adapter Charger,42.00,adapter,4
acer,Acer Aspire V 15 V15 Vn7-591g 591g-56bd 591g-55ke Laptop Keyboard,40.00,keyboard,8
acer,Acer Aspire K50-20 V5-591 E5-772 V3-574G E5-532G Laptop Keyboard,68.00,keyboard,11
lenovo,Lenovo ideapad 100-15IBY 100 15iby Laptop Keyboard,74.00,keyboard,6
lenovo,Lenovo ideapad 100-15 100 15 B50-10 B50 10  Laptop Keyboard,99.00,keyboard,7
lenovo,Lenovo IdeaPad 100-14IBD 100 14ibd  Laptop Keyboard,88.00,keyboard,6
lenovo,Lenovo IdeaPad 100-14 100 14  Laptop Keyboard,88.00,keyboard,6
hp,HP PAVILLION TOUCHSMART ENVY SLEEKBOOK Laptop Adapter Charger,50.00,adapter,8
hp,HP Pavilion 15-n210dx 15-n211dx 15-n219sl Laptop Adapter Charger,50.00,adapter,15
lenovo,Lenovo S206  Laptop Keyboard STOCK CLEARANCE,25.00,keyboard,5
lenovo,Lenovo S10-3 S10-3S S100 S110 S205 U160 U165 Laptop Keyboard,45.00,keyboard,11
no brand,Samsung R464 R465 R467 R468 R470 NP-R470 R480 NP-R480 Laptop Keyboard,35.00,keyboard,0
no brand,Samsung R418 R420 R423 R425 R428 R429 R439 R440 R463 Laptop Keyboard,35.00,keyboard,3
no brand,Samsung R428 R429 R439 R440 R463 R470 R480 Laptop Keyboard,35.00,keyboard,2
hp compaq,NEW HP COMPAQ DV4 CQ40 CQ41 CQ45 DV4Z Laptop Screen LED LCD Cable,35.00,laptop,209
acer,ACER TravelMate 3290 6291 2428 6292 6452 6293 6492 Laptop Battery,63.00,battery,142
acer,ACER TravelMate 4730 5541 4520 3284 6231 4320 6252 Laptop Battery,63.00,battery,187
acer,ACER TravelMate 5542 6292 3010 3282 6493 4335 6553 5550 Laptop Battery,63.00,battery,129
acer,ACER TravelMate 3302 4330 3300 3304 6921 4130 5552 5562 Laptop Battery,63.00,battery,106
acer,ACER 3620 5540 3640 3050 3610 3628 3670 2920 3623 3686 Laptop Battery,63.00,battery,110
acer,ACER ASPIRE 3623 BTP-ANJ1 3620 Aspire 5561 5563 5590 Laptop Battery,63.00,battery,178
hp,HP EliteBook ProBook 6540b 6400 6450b Laptop Battery,65.00,battery,163
hp,HP ProBook 6555b 6545b 6500b 6550b 6735b Laptop Battery,65.00,battery,127
hp,HP Probook 4320S 420 425 4325s 4321s 4420s 620 Laptop Battery,70.00,battery,122
hp compaq,HP COMPAQ 421 320 4421s 4520s 4425s 621 4720s 4525s 326 Laptop Battery,70.00,battery,112
hp compaq,HP COMPAQ 4320T 4420 4320 420 325 321 625 4326S 4426 Laptop Battery,70.00,battery,103
lenovo,LENOVO 19.5V 6.15A Laptop POWER Adapter Charger,70.00,adapter,230
lenovo,LENOVO 20V 3.25A 4.5A USB PIN Laptop POWER Adapter Charger,45.00,adapter,435
lenovo,LENOVO IdeaPad Y400 Y500 Y400 Y500N Y400N Y490P Laptop Battery,185.00,battery,170
lenovo,LENOVO IdeaPad Y510P Y410P Y490 Y410 Y430P Laptop Battery,185.00,battery,174
lenovo,IBM LENOVO B460 G550 Z360 G530 G450A V460 N500 3000 Laptop Battery,70.00,battery,156
lenovo,LENOVO 3000 G555 N500 G550 G450 V460 G530 G430 Laptop Battery,70.00,battery,188
dell,DELL inspiron 13Z 14Z 1618I 1618 5323 Laptop Keyboard,51.00,keyboard,143
dell,DELL inspiron 14Z-5423 13Z 14Z 5423 14Z-3360 14ZR-1316 Laptop Keyboard,51.00,keyboard,160
dell,DELL XPS M1530 M1330 VOSTRO 1000 1500 Laptop Keyboard,40.00,keyboard,177
asus,ASUS N82J N82JQ N82JG N82JV K43B X43D A83S B43J Laptop Keyboard,29.00,keyboard,6
asus,Asus A450LNV A450V A450VB A450VC F450JB F450JF F450JN  Laptop Keyboard,28.00,keyboard,2
asus,ASUS Vivobook EXA1206CH F201E F202E Q200E S200 Laptop Adapter Charger,39.00,adapter,8
asus,ASUS PR04J K43SA U32UI K43SM X45B K84LY U32U X84E Laptop Keyboard,29.00,keyboard,4
asus,ASUS X450C X450CA X450CC X450CP X450E X450EA X450EP Laptop Keyboard,28.00,keyboard,4
asus,Asus X450LN X450LNV X450MD X450V X450VB X450VC X450VE Laptop Keyboard,28.00,keyboard,7
asus,Asus A455 A455L A455LA A455LB A455LC A455LD A455LF Laptop Keyboard,28.00,keyboard,10
asus,Asus X43SM X43SV X43TA X43TK X44LY A43SD Laptop Keyboard,29.00,keyboard,4
lenovo,Lenovo G480 G480A G485 G485A G485G Laptop Keyboard,27.00,keyboard,9
asus,Asus Y481C Y481CC Y481L D450 D450LA D450LC x451C A455LN Laptop Keyboar,28.00,laptop,7
asus,Asus c300MA D553MA EXA1206CH K200MA X200CA Laptop Adapter Charger,39.00,adapter,6
asus,ASUS A43 K43 X44 X43 A42 N43 series Laptop Notebook Keyboard,29.00,keyboard,11
asus,Asus X401 X401A X401A1 X401E1 X401EB X401EI X401U Laptop Keyboard,28.00,keyboard,2
lenovo,Lenovo G50-45 G50-80 G50-70m G50-70AT Laptop Keyboard,48.00,keyboard,6
asus,Asus Zenbook U305UA UX21A UX31A UX32A UX32V Laptop Adapter Charger,39.00,adapter,8
asus,ASUS A42 A43 K42 K43 X42 X43 Laptop Keyboard,29.00,keyboard,2
asus,Asus X451 X451C X451CA X451E X451M X451MA X451MAV Laptop Keyboard,28.00,keyboard,4
asus,Asus F401 F401A F401A1 F401E F401U F450 F450c F450J Laptop Keyboard,28.00,keyboard,5
asus,ASUS X452 X452C X452CP X452E X452EA X452L X452M X450 Laptop Keyboard,28.00,keyboard,12
acer,"Acer Aspire 5 A515-51G-50AC 15.6"" FHD Laptop Black (i5-8250U, 4GB, 1TB",2631.00,laptop,55
dell,"Dell Vostro 14 V5468-50424G-W10-SSD 14-Inch Laptop (Grey, I7-7500u, 4G",3030.00,laptop,32
dell,"Dell Inspiron 15 5567-20814G-W10 15.6-Inch FHD Laptop (Gray, I5-7200u,",3016.00,laptop,34
acer,"Acer Swift 3 SF314-52-549V 14"" IPS FHD Laptop Sparkly Silver (i5-8250U",3141.00,laptop,51
dell,"Dell Inspiron 15 5567-20814G-W10 15.6-Inch FHD Laptop (Black , I5-7200",3016.00,laptop,28
acer,"Acer Swift 1 SF113-31-P8AJ 13.3"" FHD Laptop Silver (Pentium N4200, 4GB",2098.00,laptop,25
dell,"Dell Vostro 14 V5468-20412G-W10-FHD 14-Inch FHD Laptop Gray (i5-7200u,",2765.00,laptop,22
acer,"Acer Aspire ES 11 ES1-132-C6DW 11.6"" Laptop Red (N3350, 4GB, 500GB, In",1210.00,laptop,31
dell,Dell Inspiron 15 5570-20412G-W10-FHD 15.6-Inch FHD Laptop Silver (i5-8,2765.00,laptop,19
dell,"Dell Inspiron 15 5567-20412G-W10 15.6-Inch FHD Laptop (Grey, I5-7200u,",2650.00,laptop,27
asus,ASUS UL30 UL30A UL30VT K42 K43j K43 K43B A43SV Laptop Keyboard,29.00,keyboard,3
asus,Asus U38DT U38N U305 U305CA U305FA UX305 Laptop Adapter Charger,39.00,adapter,8
asus,Asus X553 X553M X553MA TAICHI 21-DH51 21-DH71 Laptop Adapter Charger,39.00,adapter,9
lenovo,LENOVO IDEAPAD Z380 Z480 Z485 G480 G485 B480 B485 Laptop Keyboard,27.00,keyboard,14
asus,ASUS K43SM X43TK A43SJ X45U X42J X84H X42 N82 P31 Laptop Keyboard,29.00,keyboard,10
asus,ASUS A450L A450LA A450LAV A450LB A450LC A450LD A450LN Laptop Keyboard,28.00,keyboard,12
asus,Asus Vivobook Zenbook 19V 1.75 3.42A 4.0 x 1.35 Laptop Adapter Charger,49.00,adapter,8
asus,Asus X200M X201E X202 X453 X453M X453MA X453S Laptop Adapter Charger,39.00,adapter,25
asus,Asus Zenbook UX303LB UX305CA UX305FA UX305LA Laptop Adapter Charger,39.00,adapter,16
asus,Asus Zenbook UX32VD UX42VS UX50 UX52VS UX301 Laptop Adapter Charger,39.00,adapter,22
lenovo,Lenovo G50 Z50 Z50-75 B50 G50-70A G50-70 G50-30 Laptop Keyboard,48.00,keyboard,15
asus,Asus K450LN K450LNV K450V K450VB K450VC K450VE X450VP Laptop Keyboard,28.00,keyboard,1
lenovo,Lenovo G50-80 B50-10 B50-40 B50-70 B50-45 Z50-70 Laptop Keyboard,48.00,keyboard,16
asus,ASUS Vivobook S200E S200L S220 UX305F X200CA Laptop Adapter Charger,39.00,adapter,4
asus,Asus Vivobook X201 X201E X202 X202E Laptop Adapter Charger,39.00,adapter,6
asus,Asus K452 F452V F452VP K455 K455L R455 R455L X450V Laptop Keyboard,28.00,keyboard,4
asus,Asus F451 F451C F451CA F451M F451MA F451MAV X405 F450V Laptop Keyboard,28.00,keyboard,3
asus,Asus K450L K450LA K450LAV K450LB K450LC K450LD K450LDV Laptop Keyboard,28.00,keyboard,6
asus,ASUS X452C X452CP X452EA X452EP X452L X452LD X452LD Laptop Keyboard,28.00,keyboard,8
asus,Asus X452LA X452MD X452MJ X452V X452VP A450LDV X452E Laptop Keyboard,28.00,keyboard,6
asus,"Asus VivoBook Max X441U-VWX278T 14"" Laptop Silver (i3-6100U, 4GB, 1TB,",1942.50,laptop,39
dell,Dell Inspiron Mini 10Z 11Z 1010V 1010 1110 PP19S Laptop Battery,89.00,battery,16
dell,Dell Insprion 1464 1564 1764 I1564 JKVC5 Laptop Battery,79.00,battery,10
acer,"Acer Nitro 5 AN515-51-59XR 15.6"" FHD Laptop Black Red (i5-7300HQ, 4GB,",3208.00,laptop,51
acer,"Acer Aspire E14 E5-476G-54G4 14"" Laptop Gray (i5-8250U, 4GB, 1TB, MX15",2386.50,laptop,48
acer,"Acer Aspire E14 E5-476G-56GC 14"" Laptop Purple (i5-8250U, 4GB, 1TB, MX",2386.50,laptop,41
dell,Dell Inspiron 1420 1400 MN151 WW116 PP26L Laptop Battery,79.00,battery,16
dell,REFURBISHED DELL LATITUDE E6410 Core i5 2.53GHz 2GB DDR3 250GB laptop,689.00,laptop,6026
hp,HP 240 245 246 250 255 256 ( G3 ) Laptop Battery,88.00,battery,6
hp,HP 14-A001TU 14-A105TX 14-S001TX 14-S104TX 15-S230NB Laptop Battery,88.00,battery,15
hp,HP Pavilion 14-D001AU 14-D107TX 14-G001AU 14-G104AU Laptop Battery,88.00,battery,24
hp,HP 15-A001EF 15-A103TX 15-H000NA 15-H099SB 15-S000EB Laptop Battery,88.00,battery,10
hp,HP Pavilion 15-G551NM 15-R000EL 15-R280NO 15T-R000 Laptop Battery,88.00,battery,20
hp,HP 240 245 246 250 255 256 ( G2 ) Laptop Battery,88.00,battery,7
hp,HP 240 245 246 250 255 256 ( G3 ) Laptop Battery,88.00,battery,2
hp,HP Pavilion 15-G551NM 15-R000EL 15-R280NO 15T-R000 Laptop Battery,88.00,battery,0
hp,HP Pavilion 14-W104LA 15-D000EE 15-D108TX 15-G000EE Laptop Battery,88.00,battery,28
hp,HP 15-A001EF 15-A103TX 15-H000NA 15-H099SB 15-S000EB Laptop Battery,88.00,battery,0
compaq,Compaq CQ14 CQ14-A001TU CQ15 CQ15-A102TX Laptop Battery,88.00,battery,2
hp,HP Pavilion 14-R000NE 14-R230TU 14T-R000 14T-R100 Laptop Battery,88.00,battery,11
compaq,Compaq CQ14 CQ14-A001TU CQ15 CQ15-A102TX Laptop Battery,88.00,battery,0
hp,HP Pavilion 15Z-G000 15Z-14-W001LA 15T-R100 Laptop Battery,88.00,battery,12
hp,HP 14-A001TU 14-A105TX 14-S001TX 14-S104TX 15-S230NB Laptop Battery,88.00,battery,0
hp,HP Pavilion 14-D001AU 14-D107TX 14-G001AU 14-G104AU Laptop Battery,88.00,battery,1
hp,HP Pavilion 14-R000NE 14-R230TU 14T-R000 14T-R100 Laptop Battery,88.00,battery,0
hp,HP 240 245 246 250 255 256 ( G2 ) Laptop Battery,88.00,battery,0
hp,HP Pavilion 14-W104LA 15-D000EE 15-D108TX 15-G000EE Laptop Battery,88.00,battery,0
hp,HP Pavilion 15Z-G000 15Z-14-W001LA 15T-R100 Laptop Battery,88.00,battery,0
hp,HP Pavilion 320US 1547SB 2230s DV2 DV5 G5 Laptop Adapter Charger,38.00,adapter,3
hp compaq,HP Compaq 2210B 2560P 6115 6120 6125 6130 Laptop Adapter Charger,38.00,adapter,16
hp,HP Probook NC6320 NC6400 NX6310 NX6325 NX7400 Laptop Adapter Charger,38.00,adapter,7
hp,HP Envy 15 14-1000 1000 14 M6 Laptop Laptop Adapter Charger,38.00,adapter,19
hp compaq,HP Compaq 6135 6310 6315 6320 6510 6510b B1200 Laptop Adapter Charger,38.00,adapter,8
hp,HP Pavilion 4441s G7 DV3 DV4 DV3000 DM4 DV6 Laptop Adapter Charger,38.00,adapter,6
hp,HP Elitebook 4411S 6930P 8440P 8530W 8560W Laptop Adapter Charger,38.00,adapter,19
hp,HP Pavilion DV4 dv4-1120 dv4-1225DX dv4-1313DX Laptop Adapter Charger,38.00,adapter,1
hp,HP Pavilion dv6-3150US DV6t-1100 DV7 dv7-3061NR Laptop Adapter Charger,38.00,adapter,6
hp,HP Pavilion N193 nc2400 nc4400 ze2000 ze4900 Laptop Adapter Charger,38.00,adapter,3
hp,HP 2570p 4430 4445s 4446s G42 G61 G4-2000 Laptop Adapter Charger,38.00,adapter,9
hp compaq,HP Compaq DM1-3000 G62 G70 G72 NX6310 NX6320 Laptop Adapter Charger,38.00,adapter,9
hp compaq,HP Compaq 19V 4.74A 18.5V 3.5A 7.4*5.0mm Laptop Adapter Charger,38.00,adapter,6
hp,HP Elitebook 8440p 8440w 8460p 8460w 8530p 8560p Laptop Adapter Charge..,38.00,adapter,8
hp,HP Pavilion dv4-1547SB dv4-2140US dv4-2145DX Laptop Adapter Charger,38.00,adapter,7
hp,HP Pavilion dv6-2150us dv6-2190US dv6-3127DX Laptop Adapter Charger,38.00,adapter,4
hp compaq,HP Compaq nc6320 nx6110 NX6115 NX6120 NX6125 Laptop Adapter Charger,38.00,adapter,8
hp,HP ProBook 4421s 4510s 4520s 4525s 4710s 4410s Laptop Adapter Charger,38.00,adapter,5
hp compaq,HP Compaq CQ50 CQ60 CQ61 CQ62 CQ70 CQ71 Laptop Adapter Charger,38.00,adapter,8
hp compaq,HP Compaq 6515 6515b 6710b 6715b 6910 6910p Laptop Adapter Charger,38.00,adapter,4
hp,HP ProBook 4510s 4710s 4525s 4421s 4520s Laptop Adapter Charger,38.00,adapter,7
hp,HP Elitebook 2540P 2760P 4230s 4320s 4410S Laptop Adapter Charger,38.00,adapter,7
asus,aSUS K40E K40ID K40IE K40IJ K40IL K40IN K40IP Laptop Keyboard,42.00,keyboard,6
asus,Asus X52D X52DE X52DR X52DY X52N X52S X52Sg X52X Laptop Battery,65.00,battery,1
asus,Asus X5I X67 X8C X62J X62V X62VP X67 X67F X8FF X8FJ Laptop Battery,65.00,battery,3
asus,Asus X5K X62 X67 X8F A62 P52 F85 F86 K62 P52F P52J Laptop Battery,65.00,battery,2
asus,Asus X52JB X52JC X52JE X52JG X52JK X52JR X52JT Laptop Battery,65.00,battery,3
asus,Asus A52BY A52DE A52DR A52DY A52F A52J A52JB A52JC Laptop Battery,65.00,battery,10
asus,Asus K52 K52D K52DE K52DR K52EQ K52F K52N K52Xi K52JV Laptop Battery,65.00,battery,4
asus,Asus X42JA X42JB X42JC X42JE X42JK X42JP X42JR X42JV Laptop Battery,65.00,battery,1
asus,Asus K52J K52JB K52JC K52JE K52JK K52JR K52JT K52JU Laptop Battery,65.00,battery,2
asus,Asus A52JE A52JK A52JR A52JR A52JT A52JU A52JV P52JC Laptop Battery,65.00,battery,4
asus,Asus A42 A52 B53 K42 X42 P42 X52 P62 P82 X52B X5IBY Laptop Battery,65.00,battery,4
asus,Asus Pro5IBY Pro5K Pro5L Pro67 PRO8F PRO67 Laptop Battery,65.00,battery,4
asus,Asus K62F K62J K62JR P42EI P42EP P42F P42J P42JC X8FJC Laptop Battery,65.00,battery,3
asus,Asus K42JY K42JZ X42JY X42JZ K42N K42S X52XI X52XV Laptop Battery,65.00,battery,3
asus,Asus X52J X52JU X52JV A52JC PRO8C PRO51 Laptop Battery,65.00,battery,3
asus,Asus B53F B53J B53JC B53S B53XI B53E B53X B52BY A42JB Laptop Battery,65.00,battery,2
asus,Asus A31-K52 A32-K52 A41-K52 A42-K52 A31-B53 K52L681 Laptop Battery,65.00,battery,4
asus,Asus K42JA  K42JB K42JC K42JE K42JK K42JP K42JR K42JV Laptop Battery,65.00,battery,5
asus,Asus A42JC A42JE A42JK A42JP A42JR A42JV A42JY A42JZ Laptop Battery,65.00,battery,3
asus,Asus X42D X42DE X42DR X42DY X42E X42EP X42EV X42F X42N Laptop Battery,65.00,battery,15
asus,Asus K42DY K42J K52DY K52X K52X P42E X42DQ X42EI A42N Laptop Battery,65.00,battery,4
asus,Asus X42J K42D K42DE K42DQ K42DR K42E K42EI K42F K42K Laptop Battery,65.00,battery,4
asus,Asus A42D A42DE A42DQ A42DR A42DY A42E A42F A42J A42JA Laptop Battery,65.00,battery,5
acer,ACER Aspire  ES1-420 E5-475 E5-475G LAPTOP KEYBOARD,55.00,keyboard,20
no brand,Sony VAIO VGN-A AX BX BZ C CR CS E FE Laptop Charger Adapter,50.00,adapter,7
no brand,Sony Vaio VGN NW S SR SZ Z VPC-CW Laptop Charger Adapter,50.00,adapter,13
no brand,Sony Vaio 19.5V 4.74A 3.33A 6.5mmx4.4mm Laptop Charger Adapter,50.00,adapter,29
no brand,Sony Vaio VGN FJ FS FT FW FZ N NR NS Laptop Charger Adapter,50.00,adapter,12
no brand,SONY VAIO PCG-7 PCG-8 FR GRS GRX NV R Laptop Charger Adapter,50.00,adapter,6
msi,[27-Nov] MSI PE62 7RD-1609 Gaming Laptop *Intel i7-7700HQ* (Silver),4388.40,laptop,42
msi,"MSI PRESTIGE PE62 7RD-1609 15.6"" FHD Laptop",4500.00,laptop,31
acer,"Acer Spin 5 SP515-51GN-83NU 15.6"" FHD Touch Laptop",4800.00,laptop,22
acer,"Acer Spin 5 SP513-52N-58QD 13.3"" FHD Touch Laptop",3500.00,laptop,19
acer,"Acer Aspire E14 E5-475G-5574 14"" Laptop",2252.00,laptop,37
acer,Acer Aspire ES1-432-C08S 14' Laptop ,1031.90,laptop,26
asus,ASUS ZenBook UX430U-QGV259T Laptop ,2928.00,laptop,29
dell,"Dell XPS15-73824G-W10-UHD 15.6' 4K Touch Laptop (i5-7300HQ,8GB,256GB)",7138.00,laptop,17
dell,Dell Inspiron 15 7577-70116G-W10 15.6 inch FHD IPS Laptop,6400.00,laptop,21
dell,"Dell Inspiron 15 7570-85814G-W10 15.6"" FHD IPS Laptop",5259.00,laptop,14
dell,"Dell Inspiron 13 7373T-8282SG-W10 13.3"" FHD IPS Touch Laptop Era ",5160.00,laptop,12
dell,Dell Inspiron 15 7577-70814GTi-W10 15.6 inch FHD IPS Laptop,5196.00,laptop,21
dell,Dell Precision M3520-i5308G50-W10 15.6 inch FHD IPS Laptop,3899.00,laptop,19
